,state,county,tract,GEOID,population,white_only,black_only,aian_alone,asian_only,nhopi_alone,hispanic,below_poverty,no_health_ins,one_health_ins,two_health_ins,racial_majority
1,20,001,952600,20001952600,1771,97.91,0.11,0.06,0.0,0.0,0.56,7.91,6.27,75.49,16.09,1
2,20,001,952700,20001952700,1880,89.52,0.0,2.98,0.64,0.0,4.47,14.26,14.73,68.67,16.6,1
3,20,001,952800,20001952800,4167,87.74,0.96,0.26,1.51,0.0,3.55,22.83,5.28,73.24,19.03,1
4,20,001,952900,20001952900,1824,89.8,0.77,0.0,0.0,7.18,1.81,11.06,1.54,79.77,16.89,1
5,20,001,953000,20001953000,2861,88.22,0.73,0.0,1.57,0.0,6.68,13.5,4.3,71.97,22.93,1
6,20,003,953600,20003953600,4907,94.25,0.49,0.61,0.0,0.0,1.77,13.05,12.33,64.34,20.97,1
7,20,003,953700,20003953700,2970,93.94,0.74,0.88,0.1,0.0,2.86,16.56,12.69,68.25,19.06,1
8,20,005,081600,20005081600,4426,94.69,0.02,0.59,0.0,0.0,0.63,10.28,8.83,72.98,18.12,1
9,20,005,081701,20005081701,3393,80.43,6.48,0.65,0.29,0.0,9.28,6.09,4.51,72.15,22.07,1
10,20,005,081702,20005081702,2217,84.08,5.41,0.0,0.0,0.0,0.68,42.7,11.19,65.09,19.58,1
11,20,005,081800,20005081800,2802,86.76,2.11,0.0,1.64,0.0,1.68,9.53,2.82,75.55,21.63,1
12,20,005,081900,20005081900,3372,90.48,2.73,0.0,0.39,0.0,2.79,21.11,9.76,72.21,16.96,1
13,20,007,968100,20007968100,2845,90.54,0.28,0.0,0.98,0.0,7.87,25.2,9.49,70.47,19.33,1
14,20,007,968200,20007968200,1648,89.56,0.85,4.13,0.0,0.0,1.76,12.42,9.71,66.32,22.63,1
15,20,009,971100,20009971100,3804,97.11,0.08,0.13,0.0,0.0,1.71,13.04,8.23,70.19,19.43,1
16,20,009,971200,20009971200,1527,96.07,0.0,0.0,0.0,0.0,3.34,8.58,7.47,69.29,23.25,1
17,20,009,971300,20009971300,3207,90.15,2.37,2.12,0.0,0.0,3.37,16.55,16.81,58.84,23.48,1
18,20,009,971400,20009971400,2352,75.51,2.0,3.27,0.0,0.0,13.73,13.86,22.32,62.46,15.22,1
19,20,009,971500,20009971500,3306,88.48,0.03,0.57,0.94,1.88,4.02,7.04,6.68,71.75,19.39,1
20,20,009,971600,20009971600,4223,78.81,2.11,0.19,0.0,0.0,17.78,14.68,10.04,66.87,22.26,1
21,20,009,971700,20009971700,2896,48.41,1.07,0.24,0.07,0.0,48.34,20.78,29.8,57.22,9.15,7
22,20,009,971801,20009971801,4894,76.11,0.04,0.0,0.33,0.0,22.8,14.04,7.27,71.66,19.43,1
23,20,011,955600,20011955600,2548,90.15,0.0,0.12,1.02,0.0,4.87,18.36,15.93,63.3,20.76,1
24,20,011,955700,20011955700,2102,92.58,0.0,0.24,0.0,0.0,2.66,7.52,9.32,71.93,18.51,1
25,20,011,955800,20011955800,3528,92.23,4.2,0.0,0.6,0.0,1.84,10.71,6.24,66.95,21.88,1
26,20,011,955900,20011955900,3603,84.26,5.88,0.28,0.0,0.0,2.64,14.49,9.33,78.66,12.02,1
27,20,011,956000,20011956000,2758,90.61,2.28,0.0,0.0,0.0,2.36,19.52,9.54,67.4,21.72,1
28,20,013,480600,20013480600,2806,68.6,0.57,23.06,0.14,0.04,5.38,16.21,9.8,69.35,20.81,1
29,20,013,480700,20013480700,3274,92.43,0.89,1.34,0.0,0.0,2.35,11.09,8.55,70.71,19.03,1
30,20,013,480800,20013480800,3495,84.23,0.74,3.61,0.46,0.09,7.27,17.41,8.3,72.76,17.8,1
31,20,015,020101,20015020101,2308,92.2,0.09,0.04,0.0,0.0,6.07,10.19,9.79,71.84,18.37,1
32,20,015,020102,20015020102,4144,71.94,19.21,1.57,0.36,0.24,5.72,15.72,3.5,41.02,8.9,1
33,20,015,020204,20015020204,3204,95.94,1.44,0.0,0.0,0.16,1.28,2.04,1.34,76.15,19.79,1
34,20,015,020205,20015020205,3456,90.28,3.91,0.29,0.2,0.0,2.63,13.35,11.72,69.42,13.8,1
35,20,015,020206,20015020206,4528,75.4,0.22,0.93,8.22,0.0,9.12,4.75,1.1,87.08,10.58,1
36,20,015,020207,20015020207,3780,88.54,0.0,0.9,2.8,0.16,6.85,3.43,10.16,76.06,7.72,1
37,20,015,020208,20015020208,2534,81.65,3.31,1.14,4.7,0.0,7.26,6.0,4.26,84.77,10.97,1
38,20,015,020209,20015020209,2001,99.4,0.0,0.15,0.0,0.0,0.0,9.05,13.64,61.42,24.79,1
39,20,015,020210,20015020210,2766,74.69,6.25,0.61,0.0,0.0,12.73,11.53,0.0,87.31,12.69,1
40,20,015,020300,20015020300,3456,93.87,0.26,0.46,0.0,0.0,3.88,12.42,8.91,67.91,21.7,1
41,20,015,020400,20015020400,2802,91.36,0.0,2.28,0.0,0.0,4.71,20.55,3.46,76.02,19.66,1
42,20,015,020500,20015020500,5749,92.22,0.24,0.47,0.24,0.0,1.95,18.97,9.15,68.83,20.39,1
43,20,015,020601,20015020601,4182,96.29,0.0,0.12,1.84,0.0,0.67,7.77,5.57,77.55,16.88,1
44,20,015,020602,20015020602,3514,83.55,3.87,0.4,0.06,0.0,6.6,6.51,10.33,74.67,13.26,1
45,20,015,020700,20015020700,4057,83.9,1.5,2.02,0.0,0.0,8.8,8.58,4.76,69.95,24.53,1
46,20,015,020800,20015020800,2798,89.03,1.5,0.0,0.0,0.0,7.36,15.52,9.19,79.34,11.47,1
47,20,015,020901,20015020901,3986,97.34,0.8,0.23,0.0,0.0,0.8,6.02,4.99,80.93,14.07,1
48,20,015,020902,20015020902,4254,89.7,0.09,1.1,1.32,0.0,7.78,3.11,7.85,74.49,15.68,1
49,20,015,020903,20015020903,3371,90.66,0.62,0.89,0.59,0.0,2.82,8.07,13.26,71.76,14.09,1
50,20,017,960600,20017960600,2604,90.13,1.31,0.77,0.0,0.0,5.15,6.92,9.37,63.63,23.62,1
51,20,019,964600,20019964600,3280,85.24,1.16,4.24,0.34,0.0,4.12,19.65,12.87,62.59,22.93,1
52,20,021,958100,20021958100,2533,94.87,0.87,0.04,0.0,0.0,0.39,11.19,12.79,72.76,14.45,1
53,20,021,958200,20021958200,1975,87.95,1.01,0.35,0.0,0.0,5.37,8.19,12.46,59.65,27.9,1
54,20,021,958300,20021958300,3939,91.72,0.03,2.01,0.2,0.0,0.08,16.81,7.97,65.5,25.29,1
55,20,021,958400,20021958400,3584,85.99,0.45,3.63,0.0,1.09,3.04,6.48,6.53,71.74,19.98,1
56,20,021,958500,20021958500,3420,79.91,0.0,2.22,0.79,0.0,5.96,21.5,6.58,69.85,21.61,1
57,20,021,958600,20021958600,4566,86.93,0.09,1.97,0.0,1.45,2.85,12.6,11.65,72.45,15.9,1
58,20,023,950200,20023950200,2639,92.31,0.0,0.64,0.0,0.0,6.93,12.71,11.22,63.13,24.4,1
59,20,025,967100,20025967100,2006,88.93,0.6,0.3,1.84,0.0,3.64,10.53,6.08,73.88,16.9,1
60,20,027,458100,20027458100,3615,93.0,0.0,2.21,0.41,0.0,2.05,8.19,4.48,60.14,32.67,1
61,20,027,458200,20027458200,4415,94.13,1.83,0.0,0.7,0.0,3.15,6.67,6.12,62.83,28.58,1
62,20,029,977100,20029977100,2165,97.51,0.32,0.88,0.0,0.0,0.37,9.52,10.48,71.78,15.29,1
63,20,029,977200,20029977200,2194,86.19,5.74,0.0,0.0,0.0,2.78,9.41,6.79,72.88,20.33,1
64,20,029,977300,20029977300,3199,91.12,0.09,0.0,0.25,0.0,7.1,14.77,12.13,59.33,23.66,1
65,20,029,977400,20029977400,1273,98.98,0.0,0.79,0.0,0.0,0.16,8.69,4.56,72.74,21.21,1
66,20,031,966100,20031966100,2735,95.28,0.18,0.11,1.39,0.0,1.94,10.86,5.63,71.41,21.83,1
67,20,031,966200,20031966200,2739,94.16,0.55,0.15,0.37,0.0,2.96,7.63,6.86,72.51,20.59,1
68,20,031,966300,20031966300,2744,89.91,2.11,0.29,0.0,0.0,3.79,18.1,11.48,61.19,24.96,1
69,20,033,967600,20033967600,1759,92.61,0.0,0.0,0.0,0.0,4.72,8.74,6.65,63.96,25.3,1
70,20,035,493100,20035493100,3016,90.45,0.17,1.62,0.0,0.07,3.25,13.34,8.55,69.6,21.39,1
71,20,035,493200,20035493200,3286,86.4,0.06,2.59,0.0,0.0,7.4,9.24,9.46,73.28,17.26,1
72,20,035,493300,20035493300,2604,93.78,0.0,0.61,3.11,0.0,1.54,5.52,2.23,77.76,20.01,1
73,20,035,493400,20035493400,2304,87.93,2.65,0.35,3.82,0.0,2.39,18.3,6.42,65.8,27.78,1
74,20,035,493500,20035493500,4916,76.28,5.17,0.22,1.99,0.0,12.18,22.86,6.81,58.85,19.73,1
75,20,035,493600,20035493600,4304,77.56,2.11,0.93,5.04,0.0,9.8,17.21,10.39,64.54,20.93,1
76,20,035,493700,20035493700,3373,66.38,3.53,4.15,0.12,0.0,16.07,14.35,15.18,63.21,16.66,1
77,20,035,493800,20035493800,4093,73.1,2.93,1.25,0.81,0.0,18.32,10.75,5.89,71.41,22.06,1
78,20,035,493900,20035493900,3344,83.76,0.84,1.53,3.77,0.0,7.78,2.48,6.07,73.92,20.01,1
79,20,035,494000,20035494000,2523,67.42,3.17,0.67,0.16,0.0,22.35,25.77,16.73,67.78,15.5,1
80,20,035,494100,20035494100,1327,66.99,5.43,0.98,0.0,0.0,24.94,14.77,18.61,61.42,19.97,1
81,20,037,956600,20037956600,4117,95.6,0.63,0.32,0.0,0.0,1.26,21.81,10.74,67.14,21.06,1
82,20,037,956700,20037956700,3648,95.37,0.05,0.55,0.0,0.0,1.18,12.73,8.25,73.6,18.15,1
83,20,037,956800,20037956800,3573,90.9,0.64,0.06,0.0,0.0,2.74,10.97,11.64,66.81,16.99,1
84,20,037,956900,20037956900,4086,90.16,1.59,0.0,1.59,0.0,2.15,8.08,4.82,76.28,16.45,1
85,20,037,957000,20037957000,3183,86.11,2.61,1.07,5.59,0.0,3.86,10.84,8.23,76.5,14.95,1
86,20,037,957100,20037957100,2448,78.55,2.53,0.08,0.0,0.0,13.6,39.69,17.85,62.75,19.4,1
87,20,037,957200,20037957200,2434,72.84,3.41,0.0,3.33,0.0,17.63,22.56,12.28,65.45,22.27,1
88,20,037,957300,20037957300,2881,89.21,1.08,0.66,2.71,0.0,3.78,25.05,12.15,71.54,16.31,1
89,20,037,957400,20037957400,2382,72.63,4.87,0.25,4.95,0.0,13.31,12.51,9.7,75.73,14.57,1
90,20,037,957500,20037957500,2644,82.72,3.67,0.57,3.21,0.0,7.11,36.95,18.57,63.05,18.38,1
91,20,037,957601,20037957601,3791,89.26,1.42,0.0,0.69,0.0,6.36,14.46,12.13,61.25,19.07,1
92,20,037,957602,20037957602,3687,76.78,4.56,0.65,3.23,0.0,7.62,42.41,16.65,75.02,7.4,1
93,20,039,951300,20039951300,2826,95.29,0.35,0.53,0.42,0.0,3.26,15.87,9.34,62.95,25.65,1
94,20,041,084100,20041084100,3834,93.3,1.2,0.18,0.81,0.0,3.13,5.6,6.68,68.78,21.91,1
95,20,041,084200,20041084200,2515,93.72,0.0,0.44,0.0,0.0,4.97,7.12,2.5,80.48,16.34,1
96,20,041,084300,20041084300,2430,91.73,0.82,0.78,0.0,0.0,5.47,2.33,2.84,78.35,18.81,1
97,20,041,084400,20041084400,4780,93.81,1.61,0.65,0.0,0.0,2.57,10.46,15.73,56.36,25.92,1
98,20,041,084500,20041084500,2912,90.32,0.31,0.69,0.65,0.0,6.15,16.47,11.78,65.83,20.64,1
99,20,041,084600,20041084600,2143,72.66,2.99,0.47,4.43,0.0,10.92,20.19,7.93,64.07,25.66,1
100,20,043,020100,20043020100,2448,83.13,11.56,0.65,0.41,0.0,2.04,23.55,9.11,69.81,19.57,1
101,20,043,020200,20043020200,1817,91.74,0.06,0.0,0.06,0.0,5.39,8.79,5.17,75.23,18.71,1
102,20,043,020300,20043020300,3351,93.61,2.75,0.0,0.0,0.0,2.03,15.59,8.77,73.35,16.47,1
103,20,045,000100,20045000100,2733,82.14,4.24,1.21,0.0,0.0,6.29,18.55,9.4,78.27,12.33,1
104,20,045,000201,20045000201,1673,70.89,6.16,4.84,14.35,0.0,1.43,29.36,16.8,68.62,13.33,1
105,20,045,000202,20045000202,5452,82.39,2.31,2.97,3.54,0.0,7.59,27.35,12.64,72.23,15.13,1
106,20,045,000301,20045000301,4240,85.42,1.49,1.13,2.5,0.0,3.37,61.55,11.18,80.35,8.47,1
107,20,045,000302,20045000302,2721,69.94,5.33,1.32,13.6,0.22,6.62,35.81,7.2,84.53,8.27,1
108,20,045,000400,20045000400,3735,69.85,6.43,1.58,8.57,0.0,8.81,24.43,9.32,78.29,12.4,1
109,20,045,000501,20045000501,3305,72.86,9.44,0.3,0.45,0.0,11.56,16.87,5.81,82.84,10.89,1
110,20,045,000502,20045000502,6024,74.44,8.42,0.91,6.52,0.0,8.17,22.27,5.68,83.45,10.87,1
111,20,045,000602,20045000602,6764,79.73,3.06,0.0,9.03,0.0,4.27,4.57,4.42,81.9,13.68,1
112,20,045,000603,20045000603,9192,80.27,4.78,0.08,6.56,0.0,2.56,7.42,2.15,82.73,15.11,1
113,20,045,000604,20045000604,4679,81.28,5.96,0.0,2.46,0.0,4.4,6.69,1.84,78.01,20.15,1
114,20,045,000701,20045000701,3874,89.0,1.63,0.03,4.65,0.0,4.26,3.99,0.0,78.76,19.49,1
115,20,045,000703,20045000703,3366,68.03,0.48,0.06,8.05,0.0,6.95,5.55,12.21,72.34,13.43,1
116,20,045,000704,20045000704,3667,83.67,0.0,3.74,5.97,0.0,2.37,36.24,8.84,71.88,18.13,1
117,20,045,000797,20045000797,5205,85.9,2.48,0.83,3.75,0.0,5.92,11.09,4.11,65.78,27.45,1
118,20,045,000801,20045000801,7474,69.43,2.26,3.56,9.43,0.0,7.99,23.99,6.7,80.85,12.44,1
119,20,045,000802,20045000802,5756,74.34,3.42,0.24,5.94,0.0,10.35,15.87,7.14,79.31,13.17,1
120,20,045,000902,20045000902,2037,73.44,8.93,1.23,2.99,0.0,10.36,27.76,11.34,73.69,14.97,1
121,20,045,000903,20045000903,1988,76.86,2.01,0.0,3.02,0.0,8.55,44.72,4.23,82.7,13.08,1
122,20,045,000904,20045000904,4489,47.54,10.34,5.37,18.96,0.0,9.82,31.84,16.46,72.22,11.32,7
123,20,045,001001,20045001001,2879,63.95,5.38,16.39,2.08,0.0,4.86,9.29,18.51,66.86,14.62,1
124,20,045,001002,20045001002,6119,61.06,10.08,4.13,5.95,0.0,10.98,11.54,8.96,71.2,16.96,1
125,20,045,001201,20045001201,1905,97.32,0.47,0.0,0.0,0.0,2.2,2.2,0.94,78.9,19.9,1
126,20,045,001202,20045001202,7508,83.84,1.64,1.33,0.55,0.0,10.28,11.39,4.53,81.07,13.48,1
127,20,045,001203,20045001203,6615,89.61,1.04,0.71,0.2,0.11,4.02,5.55,6.46,77.49,14.62,1
128,20,045,001400,20045001400,5262,91.18,0.1,0.65,0.02,0.0,1.01,4.55,7.15,68.34,23.93,1
129,20,045,001500,20045001500,2642,83.72,1.4,1.97,0.53,0.0,5.37,8.56,8.86,74.72,16.43,1
130,20,047,969600,20047969600,1323,82.46,0.0,0.0,0.3,0.0,14.59,9.3,10.2,62.43,27.14,1
131,20,047,969700,20047969700,1499,69.98,0.73,1.2,1.47,0.0,26.08,9.63,7.07,69.58,17.55,1
132,20,049,965100,20049965100,2502,89.01,0.08,1.6,0.44,0.0,4.52,16.37,11.31,61.07,27.02,1
133,20,051,072600,20051072600,2437,97.0,0.0,0.0,0.45,0.78,0.21,11.82,4.84,75.09,19.86,1
134,20,051,072701,20051072701,5543,92.24,0.2,0.49,1.43,0.0,3.68,10.52,6.08,74.04,18.85,1
135,20,051,072702,20051072702,2506,92.38,1.28,0.28,0.08,0.0,4.35,9.73,6.19,76.86,16.16,1
136,20,051,072801,20051072801,4916,92.05,0.83,0.12,0.0,0.0,5.49,9.68,3.89,70.18,24.08,1
137,20,051,072802,20051072802,3661,72.99,1.94,0.3,9.29,0.0,14.91,9.89,0.38,82.79,16.83,1
138,20,051,072901,20051072901,3090,87.96,0.0,0.03,0.0,0.97,4.66,22.01,6.99,73.24,19.74,1
139,20,051,072902,20051072902,3235,83.62,1.95,0.0,1.55,0.0,11.99,41.44,14.47,78.79,6.74,1
140,20,051,073000,20051073000,3359,96.55,1.01,0.03,0.0,0.0,1.55,10.61,4.44,77.11,16.85,1
141,20,053,086600,20053086600,2184,90.52,0.0,0.55,0.69,0.0,4.9,7.56,14.38,66.3,19.23,1
142,20,053,086700,20053086700,3992,82.67,4.46,1.13,1.33,0.0,7.16,9.29,3.08,56.61,18.21,1
143,20,055,960100,20055960100,4507,63.06,0.0,0.62,1.4,0.0,31.93,8.69,5.1,84.49,10.41,1
144,20,055,960200,20055960200,6147,37.14,5.68,0.11,0.07,0.0,56.14,10.67,9.83,78.14,11.47,6
145,20,055,960300,20055960300,2830,55.44,3.46,0.78,1.41,0.0,34.59,7.69,13.22,69.61,14.81,1
146,20,055,960401,20055960401,2218,60.82,0.32,0.14,1.58,0.0,36.38,1.88,5.5,72.41,20.6,1
147,20,055,960403,20055960403,2670,53.9,0.0,0.0,4.98,0.0,34.68,6.82,12.25,70.75,17.0,1
148,20,055,960404,20055960404,3590,48.25,12.4,0.0,3.15,0.0,36.1,13.75,11.87,81.23,6.91,7
149,20,055,960501,20055960501,2279,19.48,0.0,0.0,0.57,0.0,77.97,24.88,19.18,75.69,5.13,6
150,20,055,960503,20055960503,1050,45.33,2.29,0.0,0.0,0.0,49.33,3.02,12.38,68.29,19.33,7
151,20,055,960505,20055960505,2135,14.47,5.48,0.0,17.14,0.0,61.17,23.79,13.49,66.37,20.14,6
152,20,055,960507,20055960507,2017,38.67,4.12,0.35,5.4,0.0,48.79,18.38,7.44,74.96,17.6,7
153,20,055,960508,20055960508,2673,21.32,0.0,0.0,14.67,0.0,63.34,22.34,21.4,69.92,8.68,6
154,20,055,960600,20055960600,4335,23.92,0.32,0.46,3.04,0.0,71.49,14.12,14.19,70.82,12.02,6
155,20,057,961600,20057961600,1928,89.16,0.0,0.1,0.0,0.0,6.85,6.28,3.42,75.41,21.16,1
156,20,057,961700,20057961700,1783,95.74,0.0,0.79,0.11,0.0,1.63,4.62,7.35,79.42,11.67,1
157,20,057,961801,20057961801,3861,41.1,1.79,0.0,1.92,0.0,53.33,4.24,6.84,74.9,16.03,6
158,20,057,961802,20057961802,4507,49.92,6.06,0.0,0.87,0.0,41.6,21.37,10.43,73.55,14.56,7
159,20,057,961901,20057961901,4637,24.26,2.01,0.0,2.89,0.56,70.28,9.42,8.73,84.86,6.41,6
160,20,057,961902,20057961902,3457,56.64,1.39,0.0,0.0,0.0,40.82,19.6,5.29,85.39,9.31,1
161,20,057,962000,20057962000,6022,24.51,1.73,0.61,0.0,0.0,68.86,8.09,16.92,75.14,6.61,6
162,20,057,962101,20057962101,4176,14.61,0.91,0.0,3.76,0.0,80.41,18.73,27.2,63.46,6.01,6
163,20,057,962102,20057962102,3347,27.49,0.15,0.0,0.54,0.0,70.24,7.84,12.94,62.47,20.94,6
164,20,059,954101,20059954101,3739,90.61,0.0,0.72,0.0,0.0,5.51,6.02,9.07,69.3,21.56,1
165,20,059,954102,20059954102,2990,91.91,0.2,0.0,0.3,0.0,3.75,7.93,9.53,74.31,14.08,1
166,20,059,954200,20059954200,3117,93.81,0.45,0.93,0.0,0.0,4.17,8.45,6.32,63.65,30.03,1
167,20,059,954300,20059954300,4675,91.7,2.25,0.0,0.0,0.0,3.14,14.29,5.18,76.06,18.76,1
168,20,059,954400,20059954400,4878,84.73,0.57,0.0,1.52,0.0,5.74,18.96,7.44,74.62,16.63,1
169,20,059,954500,20059954500,6244,92.34,0.1,0.06,0.19,0.0,3.89,8.16,6.01,67.99,25.26,1
170,20,061,000100,20061000100,2034,36.58,37.27,1.03,3.49,0.05,9.34,43.22,19.96,49.61,14.11,7
171,20,061,000200,20061000200,3039,42.38,27.21,0.53,4.21,1.51,15.37,28.63,16.22,62.78,18.3,7
172,20,061,000300,20061000300,4464,54.79,11.54,0.0,1.57,1.14,23.01,7.44,6.65,64.4,18.15,1
173,20,061,000401,20061000401,3902,58.48,11.76,3.38,4.23,3.9,15.56,12.28,3.61,55.48,23.68,1
174,20,061,000402,20061000402,1756,71.13,1.42,1.71,4.38,0.0,15.03,15.49,5.13,70.22,23.86,1
175,20,061,000500,20061000500,2184,60.94,20.05,0.0,1.05,0.0,11.36,10.34,6.82,56.27,30.59,1
176,20,061,000601,20061000601,4005,52.16,17.18,0.0,1.55,0.0,25.47,23.1,2.47,63.17,15.58,1
177,20,061,000602,20061000602,2309,70.29,11.39,0.09,0.95,0.0,12.91,25.09,0.0,42.01,9.92,1
178,20,061,000700,20061000700,2812,68.1,11.42,0.0,1.88,0.32,10.92,9.53,8.46,61.49,15.65,1
179,20,061,000801,20061000801,2440,46.76,34.51,0.0,1.84,0.16,12.17,7.87,2.46,57.95,33.16,7
180,20,061,000802,20061000802,4364,53.55,14.71,0.0,4.17,0.8,19.13,3.58,3.74,62.97,26.72,1
181,20,063,955300,20063955300,2650,93.92,0.26,0.0,0.38,0.0,2.19,8.6,10.79,64.91,22.45,1
182,20,065,952300,20065952300,2464,88.19,5.11,0.0,0.45,0.0,3.33,13.47,8.64,61.32,28.81,1
183,20,067,963600,20067963600,1716,59.79,0.0,0.0,4.66,0.0,35.55,8.28,18.47,70.92,10.61,1
184,20,067,963700,20067963700,5608,46.83,0.05,0.0,0.0,0.0,51.89,14.07,14.39,73.61,10.18,6
185,20,069,962600,20069962600,3135,75.63,0.0,0.0,0.1,0.61,21.5,3.98,10.43,77.83,10.97,1
186,20,069,962700,20069962700,2885,88.01,0.0,0.49,0.69,0.0,10.23,5.32,20.1,65.58,12.24,1
187,20,071,958100,20071958100,1156,76.56,0.0,0.0,0.0,0.0,23.27,10.3,7.96,72.49,16.96,1
188,20,073,965600,20073965600,2162,90.56,0.09,0.28,0.0,0.0,4.95,9.82,7.59,67.58,24.84,1
189,20,073,965700,20073965700,2270,88.68,0.44,0.44,1.01,0.0,5.11,20.48,11.59,59.16,25.77,1
190,20,073,965800,20073965800,1578,97.4,0.0,0.32,0.0,0.0,1.08,4.32,4.18,70.41,24.33,1
191,20,075,958600,20075958600,2552,59.37,2.0,0.0,0.0,0.0,36.99,8.31,24.53,59.33,16.14,1
192,20,077,961600,20077961600,1874,85.97,0.43,1.12,0.11,0.91,8.22,9.0,13.66,62.01,21.88,1
193,20,077,961700,20077961700,1401,92.01,0.0,1.36,0.0,0.0,6.64,22.77,9.06,64.67,26.27,1
194,20,077,961800,20077961800,2231,91.8,0.09,1.57,1.03,0.0,4.26,15.83,9.82,64.01,21.34,1
195,20,079,030100,20079030100,4549,82.02,2.09,0.42,0.0,0.0,13.98,13.8,7.12,60.63,28.01,1
196,20,079,030200,20079030200,5537,68.56,2.28,0.36,0.0,0.4,24.4,8.72,10.94,67.58,20.01,1
197,20,079,030300,20079030300,5300,84.21,0.6,0.0,0.0,0.0,8.49,10.42,4.64,75.53,17.83,1
198,20,079,030400,20079030400,5587,74.67,2.43,0.0,3.88,0.81,14.14,9.08,11.2,75.53,11.85,1
199,20,079,030500,20079030500,6021,85.9,0.15,0.07,0.5,0.17,12.31,8.82,10.75,70.34,17.39,1
200,20,079,030601,20079030601,3257,91.46,0.98,0.0,0.0,0.0,3.13,4.27,3.44,80.2,14.4,1
201,20,079,030602,20079030602,4183,93.04,1.08,0.36,0.0,0.0,3.08,14.16,8.94,73.7,15.78,1
202,20,081,463100,20081463100,3990,66.39,0.03,0.95,0.13,0.0,30.98,11.32,17.82,66.82,14.26,1
203,20,083,461100,20083461100,1872,87.71,0.11,0.21,0.0,0.0,9.35,11.28,10.31,68.59,19.34,1
204,20,085,082600,20085082600,5188,88.55,0.23,2.64,0.31,0.06,3.08,9.26,3.06,74.07,22.86,1
205,20,085,082700,20085082700,4023,91.77,0.1,2.11,0.47,0.0,4.85,13.02,14.49,56.85,25.13,1
206,20,085,082800,20085082800,4038,68.45,0.07,18.55,0.25,0.27,7.73,9.65,6.14,75.26,18.57,1
207,20,087,020101,20087020101,5696,93.01,0.83,1.11,0.05,0.0,1.93,4.76,4.3,68.17,26.72,1
208,20,087,020102,20087020102,3257,92.57,1.01,0.0,0.0,0.0,5.07,5.89,6.39,73.63,19.99,1
209,20,087,020200,20087020200,4363,92.71,1.05,0.5,0.0,0.0,3.21,5.56,4.52,71.19,20.93,1
210,20,087,020300,20087020300,5658,94.73,0.05,0.9,0.0,0.0,2.39,9.93,5.05,77.93,16.01,1
211,20,089,576300,20089576300,2854,93.9,0.39,0.67,0.18,0.21,2.42,16.16,8.2,68.22,22.46,1
212,20,091,050000,20091050000,4763,88.79,0.59,0.06,1.76,0.0,6.87,4.97,3.82,83.5,12.6,1
213,20,091,050100,20091050100,4496,73.11,2.78,0.13,3.85,0.0,16.53,14.95,8.81,77.2,13.68,1
214,20,091,050200,20091050200,3474,83.02,5.12,0.09,0.72,0.0,9.56,2.96,5.3,84.54,9.01,1
215,20,091,050301,20091050301,3995,70.34,12.64,1.1,8.54,0.0,3.95,14.84,9.71,81.23,9.06,1
216,20,091,050302,20091050302,1700,79.24,1.76,0.29,10.71,0.0,5.88,9.73,2.76,80.65,14.94,1
217,20,091,050400,20091050400,5232,69.97,8.33,0.0,0.34,0.0,19.55,12.84,9.23,76.36,14.07,1
218,20,091,050500,20091050500,2608,74.27,3.11,0.77,0.0,0.0,17.56,3.6,5.21,78.45,16.33,1
219,20,091,050600,20091050600,4248,92.98,0.78,0.0,1.93,0.0,2.92,7.18,2.12,83.85,14.03,1
220,20,091,050700,20091050700,4105,97.88,0.02,0.0,1.83,0.0,0.0,3.78,0.73,82.0,17.27,1
221,20,091,050800,20091050800,2585,95.78,0.0,0.0,1.24,0.0,1.2,0.74,0.0,79.3,20.7,1
222,20,091,050900,20091050900,4676,91.51,0.0,0.0,4.56,0.06,2.69,2.88,3.74,77.99,17.79,1
223,20,091,051000,20091051000,3882,94.44,1.44,0.08,0.39,0.0,2.45,2.84,2.32,84.18,13.5,1
224,20,091,051100,20091051100,3324,76.87,2.38,0.6,1.56,0.0,17.12,8.72,8.66,78.1,13.24,1
225,20,091,051200,20091051200,4036,80.18,5.7,0.0,1.98,0.0,7.14,9.37,5.7,77.6,16.7,1
226,20,091,051300,20091051300,4599,78.86,6.7,0.43,2.54,0.0,5.96,3.24,5.31,77.32,15.37,1
227,20,091,051400,20091051400,3065,93.34,0.0,0.23,0.0,0.0,6.04,1.67,5.87,76.54,17.59,1
228,20,091,051500,20091051500,4250,84.99,1.93,0.0,1.41,0.0,8.68,5.73,7.69,72.64,18.71,1
229,20,091,051600,20091051600,5823,88.03,1.0,0.07,6.92,0.0,3.8,0.55,2.2,84.75,13.05,1
230,20,091,051700,20091051700,5154,91.52,0.33,0.0,1.63,0.0,2.6,1.67,1.13,80.42,17.38,1
231,20,091,051801,20091051801,3896,93.02,0.0,0.23,2.26,0.0,3.7,5.55,1.46,82.57,15.97,1
232,20,091,051803,20091051803,4059,74.67,2.12,0.32,1.36,0.76,20.4,2.41,14.91,70.14,14.73,1
233,20,091,051804,20091051804,4336,84.2,6.0,0.0,1.96,0.0,4.54,5.4,8.79,75.88,15.34,1
234,20,091,051805,20091051805,5516,87.67,2.01,0.07,4.73,0.0,3.41,3.58,2.68,75.24,19.47,1
235,20,091,051806,20091051806,6146,87.31,1.42,0.2,5.3,0.0,3.97,2.34,2.41,76.1,19.67,1
236,20,091,051807,20091051807,4132,82.65,5.18,1.82,0.0,0.0,5.98,3.19,3.73,76.74,19.53,1
237,20,091,051808,20091051808,2367,70.38,6.8,0.0,2.15,0.0,19.56,6.56,8.96,71.95,19.1,1
238,20,091,051902,20091051902,4508,76.82,3.88,0.13,3.88,0.0,8.07,4.57,7.7,75.29,16.5,1
239,20,091,051904,20091051904,5834,86.54,3.89,0.34,1.7,0.0,3.7,1.82,4.73,73.88,21.39,1
240,20,091,051907,20091051907,3597,64.16,15.46,0.0,1.92,0.0,12.51,14.94,11.93,72.2,15.87,1
241,20,091,051908,20091051908,1759,69.53,11.03,0.0,4.49,0.0,7.11,2.22,5.0,77.71,17.28,1
242,20,091,051909,20091051909,7029,73.98,7.31,0.03,4.0,0.0,9.63,4.74,8.71,81.23,10.06,1
243,20,091,051910,20091051910,2033,60.55,26.41,1.52,0.0,0.0,3.59,8.12,7.38,86.92,5.71,1
244,20,091,051911,20091051911,3665,57.38,10.18,0.19,0.41,0.0,29.33,13.75,22.54,61.15,11.6,1
245,20,091,051912,20091051912,2557,63.98,4.34,0.0,0.0,0.0,27.85,4.54,12.05,76.1,11.85,1
246,20,091,052001,20091052001,2307,77.85,10.79,0.0,0.74,0.0,6.11,7.16,13.7,77.37,8.28,1
247,20,091,052004,20091052004,1793,78.47,11.32,0.0,1.39,0.0,8.59,11.54,8.81,73.51,17.68,1
248,20,091,052005,20091052005,2927,74.99,0.79,0.0,0.0,0.0,22.86,10.66,11.51,69.46,19.03,1
249,20,091,052006,20091052006,3560,78.15,1.29,0.48,5.87,0.0,7.7,11.04,10.11,78.15,11.74,1
250,20,091,052101,20091052101,1517,87.74,6.66,0.0,2.24,0.0,2.04,16.33,3.82,71.52,18.0,1
251,20,091,052102,20091052102,2617,86.13,3.82,0.0,1.6,0.0,4.43,5.41,9.25,72.45,15.09,1
252,20,091,052201,20091052201,3156,74.05,5.48,1.17,5.89,0.0,8.87,2.69,3.99,82.76,12.99,1
253,20,091,052202,20091052202,3340,81.32,1.44,0.0,4.04,0.0,10.9,1.83,5.78,78.38,15.84,1
254,20,091,052304,20091052304,4953,85.93,1.17,0.0,4.66,0.06,5.73,4.24,4.95,80.19,12.4,1
255,20,091,052305,20091052305,4618,86.55,2.23,0.0,1.52,0.0,4.53,4.27,0.67,84.26,13.82,1
256,20,091,052306,20091052306,3437,96.62,0.03,0.12,1.34,0.0,0.41,2.3,2.04,82.02,15.94,1
257,20,091,052307,20091052307,4309,88.28,7.08,0.0,0.0,0.0,1.76,1.53,8.19,77.63,14.18,1
258,20,091,052308,20091052308,3470,58.7,21.1,0.0,15.5,0.0,1.59,23.37,3.54,82.16,14.29,1
259,20,091,052410,20091052410,5660,77.81,3.55,0.0,2.9,0.0,13.85,2.09,3.04,82.86,13.29,1
260,20,091,052411,20091052411,2896,86.71,2.45,0.0,6.35,0.0,1.59,0.41,3.45,83.11,13.43,1
261,20,091,052414,20091052414,3951,87.4,1.21,0.0,4.02,0.0,5.47,2.63,1.34,75.73,22.93,1
262,20,091,052415,20091052415,3097,79.4,8.81,0.0,3.52,0.0,4.94,7.64,3.49,86.28,10.24,1
263,20,091,052416,20091052416,4283,88.54,5.23,0.07,1.33,0.0,3.18,1.83,4.06,65.87,27.11,1
264,20,091,052417,20091052417,3495,60.17,19.8,4.95,3.2,0.0,11.07,8.55,17.2,74.51,7.7,1
265,20,091,052418,20091052418,3664,41.7,21.42,0.82,1.66,0.11,28.44,21.14,34.28,55.7,9.33,7
266,20,091,052419,20091052419,4746,70.06,13.59,0.0,4.24,0.0,8.83,8.39,5.12,82.51,12.37,1
267,20,091,052421,20091052421,4274,89.1,3.88,0.0,2.97,0.0,2.01,2.4,2.11,80.42,17.17,1
268,20,091,052422,20091052422,5060,74.6,10.38,0.0,3.28,0.0,10.22,0.91,0.43,79.27,20.3,1
269,20,091,052423,20091052423,2554,53.68,3.68,0.0,3.8,0.0,38.84,17.19,27.88,52.47,11.47,1
270,20,091,052502,20091052502,1880,93.88,0.0,0.0,3.56,0.0,1.7,4.73,2.02,80.48,17.5,1
271,20,091,052505,20091052505,3733,92.93,1.42,0.0,0.78,0.0,1.1,8.86,2.71,88.21,8.73,1
272,20,091,052506,20091052506,1184,89.78,2.36,0.0,3.38,0.0,2.79,2.52,2.45,80.15,17.4,1
273,20,091,052507,20091052507,2698,74.02,7.67,0.0,10.12,0.0,4.34,5.78,4.63,86.95,8.41,1
274,20,091,052604,20091052604,1861,95.49,1.24,0.0,1.45,0.0,0.54,0.32,0.0,83.56,16.44,1
275,20,091,052606,20091052606,2193,80.76,4.47,0.0,3.42,0.0,9.48,3.62,0.91,88.33,10.49,1
276,20,091,052607,20091052607,2455,88.31,0.37,0.0,1.55,0.0,6.68,1.26,1.63,79.96,18.41,1
277,20,091,052608,20091052608,5579,85.97,2.89,0.0,6.79,0.0,1.08,2.87,4.09,85.27,10.65,1
278,20,091,052609,20091052609,5183,82.42,4.3,0.0,7.1,0.0,3.96,4.03,3.84,86.96,8.82,1
279,20,091,052610,20091052610,4960,88.39,1.59,0.02,0.0,0.0,9.33,0.2,5.56,89.09,5.34,1
280,20,091,052611,20091052611,1942,89.6,0.0,1.18,8.39,0.0,0.82,13.85,10.76,71.01,18.23,1
281,20,091,052612,20091052612,3491,73.59,1.72,0.0,10.0,0.0,2.46,0.69,0.0,96.1,3.9,1
282,20,091,052613,20091052613,7228,83.63,1.34,0.0,3.33,0.0,7.65,0.36,1.44,84.1,14.46,1
283,20,091,052701,20091052701,5564,88.14,1.28,0.0,0.66,0.0,9.62,2.14,5.43,85.05,8.73,1
284,20,091,052702,20091052702,2141,92.39,0.84,0.33,0.0,0.0,5.65,9.39,9.53,77.95,12.52,1
285,20,091,052803,20091052803,3635,53.95,17.5,0.14,1.24,0.0,20.28,14.19,10.26,77.74,10.1,1
286,20,091,052804,20091052804,5912,96.18,0.0,0.27,1.86,0.0,0.36,0.68,2.54,84.47,12.99,1
287,20,091,052805,20091052805,7156,86.26,4.85,0.15,0.99,0.0,5.74,2.32,10.48,82.34,7.18,1
288,20,091,052806,20091052806,5378,82.09,6.86,0.0,3.63,0.0,3.29,0.0,0.93,90.59,8.48,1
289,20,091,052807,20091052807,4428,92.1,1.76,0.38,0.0,0.0,1.83,2.35,1.56,84.76,13.69,1
290,20,091,052904,20091052904,4318,60.14,6.37,0.0,4.61,0.05,26.29,2.86,2.27,89.05,7.09,1
291,20,091,052905,20091052905,4480,29.98,19.75,0.0,2.59,0.07,46.0,5.33,27.14,66.38,6.47,7
292,20,091,052906,20091052906,5106,73.56,5.68,0.0,0.65,0.0,18.39,12.37,10.77,73.46,15.77,1
293,20,091,052907,20091052907,4467,70.7,10.88,0.0,4.59,0.0,10.81,8.11,11.37,76.96,7.45,1
294,20,091,052908,20091052908,5642,65.03,13.95,0.0,5.97,0.0,11.02,13.61,9.59,73.02,15.67,1
295,20,091,052910,20091052910,4234,76.64,5.31,0.0,6.4,0.0,6.45,3.4,2.05,84.65,10.53,1
296,20,091,053004,20091053004,3547,83.73,3.5,0.0,6.48,0.0,4.93,3.21,10.74,65.86,20.61,1
297,20,091,053005,20091053005,2087,60.71,16.44,0.14,5.37,0.0,11.02,4.46,7.24,82.32,10.45,1
298,20,091,053006,20091053006,3337,90.71,1.23,0.6,2.13,0.0,3.96,4.65,1.8,75.01,21.73,1
299,20,091,053007,20091053007,4880,80.59,5.51,0.23,5.68,0.0,5.64,7.21,4.55,87.93,7.52,1
300,20,091,053008,20091053008,4474,75.17,9.75,0.0,8.52,0.0,5.59,6.75,8.67,72.44,18.89,1
301,20,091,053009,20091053009,4797,83.28,2.42,0.0,2.58,0.27,3.54,2.54,1.4,83.66,14.95,1
302,20,091,053010,20091053010,5694,84.23,5.22,0.0,5.78,0.0,1.9,0.79,4.97,83.21,11.5,1
303,20,091,053011,20091053011,2735,75.21,2.6,0.04,20.04,0.33,0.26,1.1,2.3,90.31,7.39,1
304,20,091,053012,20091053012,2631,83.5,6.99,1.6,4.83,0.0,2.51,3.12,7.22,75.45,17.33,1
305,20,091,053013,20091053013,2378,66.95,2.23,0.0,6.14,0.0,17.03,1.98,11.69,71.95,11.19,1
306,20,091,053101,20091053101,4613,72.71,3.49,0.13,16.63,0.0,5.79,3.36,1.95,77.09,20.96,1
307,20,091,053102,20091053102,4857,70.08,4.14,0.27,15.34,0.37,8.01,4.95,6.2,81.45,12.35,1
308,20,091,053105,20091053105,3418,72.09,4.94,0.0,16.38,0.0,4.68,6.16,4.77,78.12,16.47,1
309,20,091,053108,20091053108,4145,78.5,0.07,0.0,10.78,0.0,9.65,3.47,1.59,81.5,16.91,1
310,20,091,053109,20091053109,3242,61.38,4.04,0.15,23.47,0.0,5.46,2.47,0.99,93.0,6.01,1
311,20,091,053110,20091053110,3677,70.19,4.92,0.22,15.61,0.0,7.53,1.48,5.09,82.13,11.97,1
312,20,091,053201,20091053201,2201,79.92,1.73,0.55,9.22,0.0,3.0,0.82,1.73,70.33,22.13,1
313,20,091,053202,20091053202,3371,82.44,4.48,0.06,10.53,0.0,1.1,4.63,3.41,65.29,26.28,1
314,20,091,053203,20091053203,5014,81.51,5.27,0.0,6.26,0.0,4.53,1.28,0.78,77.78,21.44,1
315,20,091,053301,20091053301,6257,90.99,0.5,0.0,4.94,0.0,3.04,3.2,2.45,71.25,26.31,1
316,20,091,053302,20091053302,7829,96.74,0.91,0.0,1.12,0.0,0.59,0.4,0.52,75.22,23.73,1
317,20,091,053403,20091053403,3737,73.53,6.8,0.0,5.51,0.0,11.13,5.67,2.92,87.53,9.55,1
318,20,091,053409,20091053409,3532,87.6,1.44,0.0,7.05,0.0,3.91,2.1,4.16,80.01,15.83,1
319,20,091,053411,20091053411,5308,84.82,2.22,0.47,5.71,0.3,2.71,1.26,4.45,82.08,13.47,1
320,20,091,053413,20091053413,3818,73.23,2.78,0.0,12.94,0.0,9.61,6.99,6.99,81.74,11.26,1
321,20,091,053414,20091053414,5446,58.26,3.07,0.15,34.1,0.28,3.51,7.6,11.51,81.14,7.34,1
322,20,091,053415,20091053415,4224,74.15,1.49,0.0,16.74,0.24,5.97,3.8,3.01,81.77,15.1,1
323,20,091,053417,20091053417,4191,64.3,9.54,0.43,17.2,0.0,7.66,5.01,5.34,85.61,9.04,1
324,20,091,053418,20091053418,5366,53.11,7.47,0.09,24.93,0.0,3.5,1.67,3.71,85.43,10.86,1
325,20,091,053419,20091053419,1953,80.75,5.58,0.0,5.33,0.0,8.35,4.81,2.76,85.41,11.83,1
326,20,091,053421,20091053421,3670,81.96,3.3,0.0,12.1,0.0,1.17,4.05,2.53,91.99,5.48,1
327,20,091,053422,20091053422,2201,86.64,0.55,0.0,6.72,0.0,4.5,2.5,2.54,88.19,9.27,1
328,20,091,053423,20091053423,5569,72.31,1.65,1.26,19.3,0.0,2.01,0.13,1.13,87.27,11.6,1
329,20,091,053425,20091053425,2656,69.99,4.63,0.0,17.55,0.0,3.01,2.52,1.43,83.66,14.91,1
330,20,091,053426,20091053426,5572,84.12,3.48,0.0,6.35,0.0,4.36,1.56,1.53,88.42,10.05,1
331,20,091,053427,20091053427,6052,85.43,0.21,0.0,9.32,0.0,2.83,5.66,1.73,93.8,4.46,1
332,20,091,053428,20091053428,3514,88.22,0.48,0.0,6.97,0.0,3.67,4.18,0.0,93.4,6.35,1
333,20,091,053429,20091053429,4134,74.84,4.26,0.0,10.18,0.0,9.05,0.39,1.11,84.06,14.83,1
334,20,091,053430,20091053430,4922,88.01,0.0,0.0,6.7,0.0,4.02,3.23,1.24,90.27,8.49,1
335,20,091,053431,20091053431,2407,90.28,1.2,0.79,7.15,0.0,0.0,0.0,7.89,80.68,11.43,1
336,20,091,053502,20091053502,3823,53.18,11.72,0.86,4.71,0.0,27.15,15.31,17.79,67.88,9.65,1
337,20,091,053506,20091053506,3578,82.81,2.66,0.0,4.19,0.0,8.58,2.18,6.6,83.26,9.42,1
338,20,091,053507,20091053507,5734,76.91,4.8,0.37,3.91,0.0,4.12,3.14,3.12,83.73,13.15,1
339,20,091,053508,20091053508,5937,81.03,3.99,0.15,4.19,0.0,7.44,3.45,5.51,83.81,10.16,1
340,20,091,053509,20091053509,6843,72.26,5.74,0.0,7.73,0.0,10.35,3.84,1.3,89.89,8.81,1
341,20,091,053510,20091053510,5334,82.62,2.44,0.32,3.22,0.0,6.0,2.23,3.07,84.46,12.26,1
342,20,091,053555,20091053555,1745,65.79,11.29,0.29,2.52,0.0,16.05,25.71,21.55,64.7,12.95,1
343,20,091,053556,20091053556,2405,63.04,2.66,0.0,1.29,0.0,27.03,2.37,16.38,69.36,14.26,1
344,20,091,053557,20091053557,2117,60.89,2.69,0.52,2.79,0.0,24.75,15.05,26.83,63.53,9.64,1
345,20,091,053558,20091053558,2821,84.62,6.95,0.0,3.19,0.0,4.64,4.39,0.85,93.09,6.06,1
346,20,091,053559,20091053559,4181,93.28,0.65,0.0,3.42,0.0,2.32,1.15,2.61,91.77,5.62,1
347,20,091,053560,20091053560,3932,93.79,0.53,0.0,3.41,0.0,1.25,0.61,0.0,90.23,9.77,1
348,20,091,053601,20091053601,1944,59.72,1.9,0.0,1.08,0.0,35.85,8.8,16.77,70.68,12.55,1
349,20,091,053603,20091053603,3158,88.35,0.32,0.22,1.04,0.0,9.34,3.63,4.62,72.13,14.19,1
350,20,091,053604,20091053604,6804,61.77,9.02,0.1,3.12,0.0,23.71,13.96,19.33,69.58,11.1,1
351,20,091,053701,20091053701,2666,91.41,0.0,0.45,0.0,0.0,6.79,4.03,6.08,74.46,19.47,1
352,20,091,053703,20091053703,3459,81.47,2.31,1.04,2.6,0.0,6.13,5.17,3.61,81.82,14.57,1
353,20,091,053705,20091053705,2820,65.82,6.81,0.0,0.0,0.28,24.26,7.21,12.34,79.22,8.44,1
354,20,091,053707,20091053707,5075,87.19,3.05,0.2,0.0,0.0,5.66,11.1,8.67,80.83,10.5,1
355,20,091,053709,20091053709,6515,77.44,11.68,0.15,1.81,0.0,6.48,3.08,3.55,80.38,13.4,1
356,20,091,053711,20091053711,4213,86.83,4.23,0.38,0.83,0.0,4.32,1.81,2.97,69.71,12.41,1
357,20,091,053712,20091053712,4508,84.29,2.51,0.18,5.24,0.0,3.82,4.99,4.24,83.5,12.27,1
358,20,091,053801,20091053801,6711,87.75,1.3,1.82,0.0,0.0,8.51,8.44,12.2,78.33,8.81,1
359,20,091,053803,20091053803,3411,97.68,0.29,0.0,0.0,0.0,1.0,0.18,1.06,82.59,15.6,1
360,20,091,053804,20091053804,4403,78.63,0.14,0.0,8.52,0.0,3.57,1.0,1.45,89.05,9.49,1
361,20,091,980001,20091980001,0,,,,,,,,,,,7
362,20,091,980003,20091980003,0,,,,,,,,,,,7
363,20,091,980004,20091980004,0,,,,,,,,,,,7
364,20,091,980005,20091980005,0,,,,,,,,,,,7
365,20,091,980100,20091980100,0,,,,,,,,,,,7
366,20,093,959100,20093959100,3863,65.86,1.29,0.03,0.23,0.0,31.69,17.73,14.29,71.94,12.19,1
367,20,095,961100,20095961100,2445,94.56,0.29,0.0,0.0,0.0,1.92,3.86,6.5,75.99,17.22,1
368,20,095,961200,20095961200,3156,92.4,0.95,0.1,0.0,0.0,5.54,8.75,5.51,67.43,23.76,1
369,20,095,961300,20095961300,1572,91.67,0.19,0.06,0.7,0.0,2.74,6.23,4.83,73.03,21.12,1
370,20,097,969100,20097969100,2483,88.52,0.77,0.93,1.05,0.0,6.04,6.29,10.39,65.2,21.83,1
371,20,099,950100,20099950100,3002,82.35,1.6,0.0,0.33,0.0,13.49,22.83,10.66,58.46,25.85,1
372,20,099,950200,20099950200,1823,82.39,9.87,1.04,0.0,0.0,0.0,12.62,9.82,68.79,21.39,1
373,20,099,950300,20099950300,2567,74.48,12.89,0.0,0.62,0.0,6.78,21.08,4.6,76.59,16.6,1
374,20,099,950400,20099950400,3586,83.41,7.98,0.64,0.0,0.0,3.54,14.53,11.94,74.93,13.13,1
375,20,099,950500,20099950500,3539,91.1,0.59,0.65,0.0,0.0,1.67,9.12,11.5,66.94,21.56,1
376,20,099,950600,20099950600,2052,87.82,0.0,1.95,0.0,0.0,4.19,17.3,16.37,71.0,12.62,1
377,20,099,950700,20099950700,2034,90.9,1.13,2.31,0.0,0.0,2.21,8.96,7.23,68.14,19.76,1
378,20,099,950800,20099950800,1335,91.31,0.67,0.22,0.0,0.0,3.67,32.33,13.63,60.97,22.85,1
379,20,101,956600,20101956600,1523,86.54,0.0,0.85,1.58,0.2,10.37,12.37,14.84,60.21,24.75,1
380,20,103,070100,20103070100,1897,60.46,26.15,0.53,0.84,0.0,10.07,23.56,14.44,55.14,22.03,1
381,20,103,070200,20103070200,3023,86.47,3.11,0.0,2.28,0.0,6.29,18.66,10.35,67.61,20.18,1
382,20,103,070300,20103070300,5059,74.9,11.05,0.0,0.0,1.05,5.57,1.64,7.49,67.31,23.7,1
383,20,103,070400,20103070400,3782,73.88,7.75,0.0,0.37,0.34,5.61,12.85,9.92,62.82,26.73,1
384,20,103,070500,20103070500,5377,71.86,14.06,0.26,0.13,0.0,9.24,22.33,10.32,63.46,20.22,1
385,20,103,070700,20103070700,4823,73.23,13.02,0.77,1.66,0.0,3.61,10.82,2.51,61.27,32.72,1
386,20,103,070900,20103070900,3238,96.85,0.31,0.0,0.0,0.0,2.72,4.65,8.43,68.34,21.34,1
387,20,103,071000,20103071000,4053,83.79,6.81,4.56,0.94,0.0,3.18,6.06,3.9,59.17,31.43,1
388,20,103,071102,20103071102,5505,71.01,17.64,0.53,0.27,0.05,7.87,4.53,2.52,46.38,11.66,1
389,20,103,071103,20103071103,2768,71.1,2.31,0.0,0.51,0.0,19.4,1.59,0.0,68.28,26.84,1
390,20,103,071104,20103071104,2633,64.15,13.56,0.0,2.51,0.0,10.79,0.65,1.52,64.76,28.64,1
391,20,103,071105,20103071105,4870,69.82,12.22,0.0,7.64,0.0,7.04,1.04,7.7,63.55,27.47,1
392,20,103,071202,20103071202,4527,79.68,0.68,0.86,0.09,0.0,12.15,6.14,1.15,82.02,16.63,1
393,20,103,071204,20103071204,4735,94.49,0.53,0.0,1.88,0.0,1.14,9.12,7.1,67.58,25.32,1
394,20,103,071205,20103071205,3540,96.86,0.03,0.0,1.78,0.0,1.05,2.11,4.35,79.44,16.21,1
395,20,103,071400,20103071400,4426,93.58,1.2,0.32,0.0,0.0,3.71,5.39,3.25,76.66,19.86,1
396,20,103,071600,20103071600,3024,92.0,0.26,0.79,0.0,0.0,2.05,2.19,1.42,80.22,18.35,1
397,20,103,071800,20103071800,6036,88.12,0.28,0.0,0.12,0.0,7.57,4.92,5.77,75.98,16.9,1
398,20,103,981900,20103981900,8183,61.2,16.41,1.01,4.22,0.0,13.71,12.43,0.27,35.11,18.49,1
399,20,105,086100,20105086100,3013,93.49,0.27,0.03,0.0,0.0,2.19,11.74,6.97,70.99,19.95,1
400,20,107,955101,20107955101,2597,90.26,0.0,0.0,6.08,0.0,3.66,7.01,6.43,74.2,19.37,1
401,20,107,955102,20107955102,2638,97.57,0.27,0.04,0.04,0.0,0.53,22.86,11.3,59.74,28.96,1
402,20,107,955200,20107955200,4452,92.48,0.4,0.38,0.25,0.83,3.8,15.76,9.61,61.77,27.36,1
403,20,109,954600,20109954600,2789,90.18,0.07,1.43,0.0,0.0,6.1,11.51,7.21,72.0,19.4,1
404,20,111,000101,20111000101,3333,61.81,5.64,0.0,0.54,0.0,24.69,40.34,21.9,68.53,9.57,1
405,20,111,000102,20111000102,610,83.44,4.92,0.0,2.95,0.0,5.25,,5.25,90.16,4.59,1
406,20,111,000103,20111000103,1021,81.0,2.74,5.48,1.86,0.0,8.81,23.7,4.02,75.22,20.76,1
407,20,111,000201,20111000201,3625,83.09,0.0,0.0,1.99,0.0,14.92,4.0,5.85,75.83,18.32,1
408,20,111,000202,20111000202,2306,88.55,0.13,0.0,1.0,0.0,10.19,6.78,1.3,71.38,21.47,1
409,20,111,000203,20111000203,800,75.88,0.0,0.0,0.0,0.0,23.75,2.93,6.13,41.63,37.63,1
410,20,111,000300,20111000300,4468,47.58,5.08,0.0,3.22,0.0,43.29,10.41,2.15,90.49,7.36,7
411,20,111,000400,20111000400,3626,66.11,1.99,0.25,7.45,0.0,20.05,40.06,9.6,80.67,9.74,1
412,20,111,000500,20111000500,4987,43.85,2.95,0.0,1.46,0.0,45.08,17.41,14.9,70.82,11.99,7
413,20,111,000600,20111000600,2386,93.55,0.38,0.34,1.17,0.0,2.47,5.04,6.12,73.55,20.33,1
414,20,111,000700,20111000700,2645,91.68,0.0,0.0,0.15,0.0,6.88,11.38,9.53,76.33,14.14,1
415,20,111,000800,20111000800,3430,91.92,0.06,2.1,0.29,0.0,2.57,4.8,3.27,74.69,21.66,1
416,20,113,788100,20113788100,2792,96.63,1.47,0.0,0.0,0.0,1.58,6.7,11.07,71.13,17.8,1
417,20,113,788200,20113788200,3365,87.61,4.31,0.0,0.83,0.0,5.68,9.54,2.44,76.94,17.33,1
418,20,113,788300,20113788300,3043,97.4,0.0,0.0,0.13,0.0,1.68,6.79,1.61,76.63,20.57,1
419,20,113,788400,20113788400,6362,92.22,1.05,0.0,1.46,0.0,2.39,6.97,4.65,70.39,20.65,1
420,20,113,788500,20113788500,1677,88.85,0.48,0.0,0.6,0.0,3.46,3.71,16.34,68.63,13.12,1
421,20,113,788600,20113788600,5481,83.71,2.15,0.64,1.44,0.0,10.05,18.17,7.81,71.28,20.91,1
422,20,113,788700,20113788700,5837,93.75,1.01,0.58,0.0,0.0,3.32,4.38,3.91,71.29,19.67,1
423,20,115,489500,20115489500,1592,91.83,0.06,0.19,0.0,0.0,7.29,12.75,8.35,71.55,19.91,1
424,20,115,489600,20115489600,3718,89.43,2.26,0.67,1.34,0.0,4.06,10.63,4.73,76.04,16.08,1
425,20,115,489700,20115489700,2672,95.02,0.71,0.0,0.0,0.0,2.99,4.95,5.09,65.49,27.73,1
426,20,115,489800,20115489800,3883,93.56,0.36,0.21,0.0,0.0,2.65,8.53,9.3,67.68,18.13,1
427,20,117,040701,20117040701,1781,98.32,0.0,0.11,0.0,0.0,1.12,5.68,13.31,63.17,21.34,1
428,20,117,060510,20117060510,3494,93.27,0.89,0.0,0.06,0.54,3.84,11.18,5.04,71.61,21.18,1
429,20,117,070182,20117070182,2415,92.46,0.17,0.17,0.46,0.0,2.86,5.81,6.54,72.59,19.09,1
430,20,117,090186,20117090186,2023,95.11,0.1,0.05,1.33,0.0,1.38,8.65,4.25,75.04,20.02,1
431,20,119,966600,20119966600,2641,64.75,0.87,0.08,0.0,0.0,31.39,10.82,17.0,68.84,13.29,1
432,20,119,966700,20119966700,1479,90.6,1.01,0.0,2.43,0.0,5.34,4.7,6.42,68.02,19.13,1
433,20,121,100100,20121100100,3944,97.24,0.0,0.0,0.33,0.0,1.77,1.09,3.3,71.63,25.08,1
434,20,121,100200,20121100200,5032,94.44,1.35,1.01,0.0,0.0,2.25,3.66,4.41,77.48,18.1,1
435,20,121,100300,20121100300,2747,93.99,0.0,0.66,0.0,0.0,2.51,6.84,7.68,73.83,18.49,1
436,20,121,100400,20121100400,3964,89.88,1.14,0.25,0.63,0.0,6.94,7.83,4.16,73.94,19.7,1
437,20,121,100500,20121100500,4903,90.68,0.0,1.14,0.0,0.0,7.55,5.93,4.26,74.51,19.5,1
438,20,121,100601,20121100601,5892,86.39,2.8,2.36,2.41,0.0,2.83,6.59,5.6,65.99,25.0,1
439,20,121,100602,20121100602,2195,98.5,0.0,0.0,0.0,0.0,0.0,6.45,8.25,66.01,25.15,1
440,20,121,100700,20121100700,5063,92.53,1.86,0.14,0.16,0.0,1.07,16.26,9.42,65.04,19.22,1
441,20,123,176600,20123176600,3988,94.51,0.88,0.25,0.0,0.0,3.51,15.12,7.77,64.34,24.3,1
442,20,123,176700,20123176700,2065,95.69,0.0,1.65,0.92,0.0,0.68,10.8,5.81,70.99,22.86,1
443,20,125,950100,20125950100,2077,88.11,0.0,0.53,0.0,0.63,1.11,10.54,4.86,72.85,22.29,1
444,20,125,950200,20125950200,2540,93.31,0.31,0.12,1.38,0.0,1.46,17.36,11.1,67.56,19.61,1
445,20,125,950300,20125950300,3786,83.28,6.0,3.2,0.0,0.0,3.8,12.03,14.79,60.83,22.93,1
446,20,125,950400,20125950400,2494,73.06,4.33,1.88,1.04,0.0,13.35,19.78,12.03,70.33,13.11,1
447,20,125,950500,20125950500,1699,75.1,7.65,0.35,0.0,1.24,7.71,32.24,3.94,79.64,16.42,1
448,20,125,950600,20125950600,2844,93.11,3.02,0.49,0.18,0.0,2.5,23.1,14.38,64.28,19.09,1
449,20,125,950700,20125950700,3734,88.19,0.48,3.94,0.0,0.0,1.39,8.76,10.31,68.56,21.13,1
450,20,125,950800,20125950800,4450,79.6,4.47,5.98,0.43,0.0,6.9,9.86,9.53,69.48,17.84,1
451,20,125,951000,20125951000,2128,49.01,14.43,6.58,1.64,0.0,22.89,44.5,26.41,53.1,20.49,7
452,20,125,951100,20125951100,2422,69.08,8.05,2.52,0.0,0.0,13.87,22.7,17.63,62.59,17.46,1
453,20,125,951300,20125951300,2121,81.33,0.42,1.79,0.94,0.0,7.78,11.57,15.65,61.67,20.93,1
454,20,125,951400,20125951400,1819,54.59,21.94,10.17,2.86,0.0,7.97,33.48,14.29,67.07,18.64,1
455,20,127,963600,20127963600,2933,92.91,0.0,0.41,0.34,0.0,3.89,8.4,8.22,66.55,24.45,1
456,20,127,963700,20127963700,2618,89.11,0.31,0.0,0.92,0.0,6.99,9.49,6.68,65.58,24.83,1
457,20,129,964600,20129964600,2656,70.93,0.08,0.0,2.15,0.0,23.68,15.37,12.39,71.5,13.37,1
458,20,131,480100,20131480100,3741,95.72,0.21,0.88,0.0,0.0,1.5,6.46,3.82,74.98,17.67,1
459,20,131,480200,20131480200,4061,93.45,0.94,0.1,0.0,0.0,3.5,10.23,6.48,73.95,16.92,1
460,20,131,480300,20131480300,2307,95.28,0.48,1.17,0.78,0.0,0.95,7.33,3.34,71.91,23.28,1
461,20,133,951600,20133951600,3711,91.43,2.78,0.32,0.13,0.0,3.88,9.53,12.88,67.5,17.6,1
462,20,133,951700,20133951700,2379,87.22,1.01,0.0,0.0,0.0,9.16,23.5,8.15,75.16,16.69,1
463,20,133,951800,20133951800,4261,92.18,0.89,0.66,0.14,0.0,3.8,12.31,7.56,70.08,19.67,1
464,20,133,951900,20133951900,3142,83.45,1.15,0.45,0.0,0.0,11.23,22.7,13.94,65.6,20.46,1
465,20,133,952000,20133952000,2515,89.94,0.36,1.03,0.04,0.0,2.82,11.15,12.01,69.54,18.45,1
466,20,135,956300,20135956300,2838,87.74,0.35,0.11,0.25,0.0,10.85,11.27,5.88,69.7,22.94,1
467,20,137,951700,20137951700,5416,88.39,3.29,0.46,0.65,0.0,5.26,8.71,8.03,58.59,17.08,1
468,20,139,010100,20139010100,4017,91.64,0.97,0.3,0.77,0.0,3.73,10.52,7.24,72.29,18.6,1
469,20,139,010200,20139010200,2779,92.84,0.29,0.07,0.0,0.0,3.49,13.27,8.74,62.9,28.1,1
470,20,139,010300,20139010300,2064,94.91,0.63,0.48,0.15,0.05,0.0,11.46,8.67,72.58,18.75,1
471,20,139,010400,20139010400,2962,93.92,1.05,0.0,0.0,0.0,4.12,22.87,13.98,59.49,23.9,1
472,20,139,010500,20139010500,4033,93.03,0.17,0.0,0.1,0.0,4.31,8.28,7.34,72.45,18.87,1
473,20,141,474100,20141474100,3494,93.99,0.86,0.2,0.11,0.0,2.26,14.7,6.53,68.17,22.47,1
474,20,143,085600,20143085600,2077,95.33,0.0,0.29,1.2,0.0,2.21,9.3,6.45,76.12,17.28,1
475,20,143,085700,20143085700,3699,92.97,1.03,1.43,0.05,0.0,3.35,10.96,6.35,70.18,20.95,1
476,20,145,970200,20145970200,5052,82.19,6.16,1.05,0.0,0.0,8.57,8.76,7.76,48.61,23.32,1
477,20,145,970300,20145970300,1487,90.18,2.89,0.2,1.01,0.0,4.84,10.29,12.24,69.94,17.82,1
478,20,147,475100,20147475100,1041,95.77,0.1,1.54,1.34,0.0,0.48,9.66,4.13,69.16,26.71,1
479,20,147,475200,20147475200,1679,90.77,0.54,0.06,1.43,0.06,6.91,17.33,5.72,74.27,20.01,1
480,20,147,475300,20147475300,2577,93.99,0.81,0.19,0.35,0.39,2.41,11.7,5.74,69.54,21.19,1
481,20,149,000101,20149000101,2289,86.24,0.0,0.09,0.0,0.0,13.41,7.51,7.86,75.71,15.81,1
482,20,149,000102,20149000102,6620,88.07,3.52,0.12,1.59,0.0,4.11,7.46,4.17,70.29,23.31,1
483,20,149,000200,20149000200,6256,91.34,2.21,1.55,0.0,0.0,4.83,12.76,3.4,73.32,21.68,1
484,20,149,000300,20149000300,4990,86.65,0.38,0.54,1.2,0.0,5.61,3.24,5.45,84.45,9.82,1
485,20,149,000400,20149000400,4048,94.52,0.35,0.59,0.0,0.0,2.45,7.46,3.43,69.66,22.65,1
486,20,151,968600,20151968600,2010,92.94,0.0,1.0,0.05,0.0,2.89,6.83,9.8,72.64,17.56,1
487,20,151,968700,20151968700,3964,82.72,3.38,0.0,0.43,0.0,11.96,15.2,10.09,66.02,22.23,1
488,20,151,968800,20151968800,3350,90.96,1.16,0.0,0.0,0.0,3.88,7.58,6.09,68.54,22.3,1
489,20,153,950600,20153950600,2490,89.32,0.56,1.12,0.12,0.0,7.51,10.28,7.19,69.08,22.33,1
490,20,155,000100,20155000100,3494,85.46,0.0,1.55,0.49,0.0,11.79,5.05,1.23,72.3,21.98,1
491,20,155,000200,20155000200,4135,78.79,2.22,0.1,1.02,0.12,14.66,15.02,4.69,75.21,17.12,1
492,20,155,000300,20155000300,6851,86.98,0.57,0.0,1.4,1.02,6.26,11.03,3.61,69.96,26.43,1
493,20,155,000400,20155000400,3516,87.66,0.17,0.0,1.25,0.0,6.8,14.99,6.48,74.77,18.74,1
494,20,155,000500,20155000500,5489,82.0,1.99,0.07,0.49,0.0,10.66,6.91,5.92,76.72,17.36,1
495,20,155,000600,20155000600,2850,61.93,7.89,1.12,0.0,0.0,25.3,31.77,22.32,55.47,17.58,1
496,20,155,000700,20155000700,5030,71.23,5.94,1.73,0.0,0.0,16.62,26.04,10.42,64.0,25.35,1
497,20,155,000800,20155000800,3414,64.94,12.3,1.41,0.0,0.0,19.6,9.97,11.16,44.2,8.73,1
498,20,155,001000,20155001000,2065,75.79,0.53,0.58,0.05,0.0,16.9,15.88,24.12,61.84,14.04,1
499,20,155,001100,20155001100,4611,86.88,3.9,0.0,1.15,0.0,5.34,6.43,5.36,61.74,22.71,1
500,20,155,001200,20155001200,3824,87.94,0.0,0.0,0.24,0.0,8.39,6.41,7.03,69.64,19.67,1
501,20,155,001300,20155001300,2773,90.16,1.48,0.94,1.26,0.0,4.58,13.24,6.89,63.0,26.11,1
502,20,155,001400,20155001400,5209,93.4,0.36,2.48,0.08,0.0,1.92,8.41,16.28,63.39,20.33,1
503,20,155,001500,20155001500,3064,92.23,0.13,0.2,0.07,0.0,5.87,12.16,9.4,63.54,24.22,1
504,20,155,001600,20155001600,1609,96.64,0.62,0.0,0.0,0.0,2.3,6.7,12.93,70.91,16.16,1
505,20,155,001700,20155001700,2349,94.81,0.04,0.3,0.0,0.0,4.04,16.86,14.47,66.24,19.28,1
506,20,155,001800,20155001800,2138,89.99,0.37,0.0,0.0,0.0,3.84,7.97,14.97,67.91,17.12,1
507,20,157,978100,20157978100,1066,97.56,0.0,1.78,0.66,0.0,0.0,7.69,4.78,68.01,27.2,1
508,20,157,978200,20157978200,1476,95.8,0.2,0.14,0.0,0.0,0.41,5.58,1.63,75.0,22.49,1
509,20,157,978300,20157978300,2065,92.74,1.99,0.0,0.44,0.0,4.41,11.09,5.47,63.29,27.41,1
510,20,159,967100,20159967100,2209,85.33,1.18,0.95,0.36,0.0,9.73,15.51,5.93,72.16,20.28,1
511,20,159,967200,20159967200,3648,75.77,2.33,0.36,0.52,0.0,18.12,13.32,8.63,70.39,17.3,1
512,20,159,967300,20159967300,3675,87.86,1.8,0.33,1.03,0.49,6.07,11.21,4.82,78.86,15.1,1
513,20,161,000201,20161000201,3100,80.68,6.32,0.0,0.0,0.0,13.0,28.9,14.29,65.84,19.58,1
514,20,161,000202,20161000202,6419,77.86,6.56,1.37,3.79,0.0,9.69,18.87,4.22,77.16,18.62,1
515,20,161,000303,20161000303,2899,76.75,2.0,0.0,14.83,0.0,3.28,58.05,4.93,89.03,5.69,1
516,20,161,000304,20161000304,4977,83.71,2.35,0.02,9.72,0.0,1.99,29.67,5.42,73.6,18.95,1
517,20,161,000500,20161000500,4689,79.93,7.21,0.0,5.59,0.0,3.28,59.92,6.06,77.44,15.61,1
518,20,161,000601,20161000601,3637,80.2,6.35,0.41,1.21,0.0,11.8,8.47,0.55,71.05,26.04,1
519,20,161,000602,20161000602,6713,72.68,6.79,0.28,6.75,1.33,6.57,10.4,3.96,69.58,18.89,1
520,20,161,000700,20161000700,4327,76.03,3.07,0.0,2.75,0.0,8.37,31.69,4.9,75.55,16.59,1
521,20,161,000801,20161000801,4348,73.74,7.73,0.51,7.01,0.0,6.19,50.76,7.73,78.17,13.62,1
522,20,161,000802,20161000802,2557,81.19,5.4,0.0,1.53,0.43,4.15,21.06,10.6,63.28,22.45,1
523,20,161,000900,20161000900,4968,78.76,5.56,0.6,4.69,0.0,6.12,17.8,12.96,60.27,23.71,1
524,20,161,001002,20161001002,8315,53.7,17.04,0.04,2.81,0.24,22.65,11.43,0.82,34.03,7.78,1
525,20,161,001101,20161001101,4240,70.24,5.17,0.14,8.07,0.0,8.54,42.47,5.19,80.31,10.92,1
526,20,161,001102,20161001102,2966,83.21,4.72,0.67,1.18,0.0,7.05,15.27,7.75,70.36,18.34,1
527,20,161,001301,20161001301,3932,76.75,1.58,0.13,8.01,0.31,8.14,7.44,1.83,79.35,14.5,1
528,20,161,001302,20161001302,5972,92.78,0.72,0.03,2.09,0.32,2.18,3.21,4.92,66.78,26.31,1
529,20,161,980000,20161980000,0,,,,,,,,,,,7
530,20,163,974600,20163974600,2379,94.07,1.81,0.13,0.0,0.34,1.56,6.77,6.81,63.56,23.2,1
531,20,163,974700,20163974700,2606,93.78,1.88,0.0,0.42,0.0,3.53,4.78,5.99,72.37,20.49,1
532,20,165,972300,20165972300,2953,91.84,0.27,0.0,0.81,0.0,3.05,8.65,4.23,66.14,27.19,1
533,20,167,973800,20167973800,4566,89.86,2.74,1.16,0.0,0.0,4.99,15.83,8.5,67.35,21.66,1
534,20,167,973900,20167973900,2330,95.97,0.0,0.09,0.0,0.0,1.16,8.11,8.93,62.02,29.06,1
535,20,169,000101,20169000101,2754,80.43,2.03,0.58,1.13,0.0,9.22,19.5,12.13,64.74,18.74,1
536,20,169,000102,20169000102,2256,77.3,4.57,0.71,0.0,0.0,10.9,33.7,10.64,66.09,19.95,1
537,20,169,000200,20169000200,1806,72.65,7.2,0.0,0.0,0.0,5.59,25.77,16.61,55.15,25.8,1
538,20,169,000300,20169000300,4929,70.01,2.37,0.0,1.36,0.0,21.36,13.84,16.74,64.27,15.56,1
539,20,169,000400,20169000400,2949,82.16,1.15,0.51,1.97,0.0,12.38,12.44,10.61,64.84,24.35,1
540,20,169,000500,20169000500,5833,56.76,6.58,0.0,2.25,0.0,29.16,15.81,20.08,59.68,19.39,1
541,20,169,000600,20169000600,3125,72.7,4.86,0.0,4.32,0.0,12.93,5.93,11.3,67.52,19.17,1
542,20,169,000700,20169000700,5886,84.18,2.46,1.22,3.82,0.0,6.42,4.59,1.44,74.91,23.38,1
543,20,169,000800,20169000800,4687,86.03,0.43,0.0,2.82,0.28,8.24,9.25,4.86,74.55,20.25,1
544,20,169,000900,20169000900,6979,83.82,1.62,0.13,2.11,0.0,10.96,8.34,9.01,72.93,18.05,1
545,20,169,001000,20169001000,5621,90.41,3.26,0.0,2.47,0.0,2.86,5.62,2.58,71.87,23.41,1
546,20,169,001100,20169001100,3986,90.79,0.15,0.53,0.68,0.0,5.07,5.62,6.22,73.78,18.72,1
547,20,169,001200,20169001200,3573,89.22,0.11,0.67,0.14,0.0,7.61,6.75,7.84,75.45,16.43,1
548,20,171,957100,20171957100,4893,78.23,0.0,0.06,1.57,0.04,18.45,7.84,6.58,71.37,19.68,1
549,20,173,000100,20173000100,3130,3.77,6.81,0.0,2.75,0.0,86.68,13.39,24.44,58.05,17.51,6
550,20,173,000200,20173000200,3446,52.84,0.0,4.24,2.41,0.0,40.02,16.66,11.72,73.74,14.54,1
551,20,173,000300,20173000300,4733,21.04,2.64,0.36,1.8,0.0,72.64,25.88,28.35,63.07,8.58,6
552,20,173,000400,20173000400,2728,23.06,18.07,4.14,1.03,0.0,46.22,37.17,29.22,56.71,13.86,7
553,20,173,000600,20173000600,2069,13.73,64.81,0.39,3.96,0.43,8.6,26.24,15.8,65.1,19.09,2
554,20,173,000700,20173000700,3075,4.85,72.68,0.0,0.0,0.0,14.18,29.14,20.36,50.18,29.46,2
555,20,173,000800,20173000800,2185,7.19,54.19,0.0,1.28,0.0,35.01,36.43,29.34,56.93,13.73,2
556,20,173,000900,20173000900,2344,33.32,31.27,0.0,5.59,0.0,26.07,33.32,24.36,66.21,9.43,7
557,20,173,001000,20173001000,3721,43.29,39.91,2.18,1.45,0.0,2.45,22.06,15.91,66.76,17.33,7
558,20,173,001100,20173001100,2366,42.1,33.01,0.0,0.59,0.0,17.96,14.0,15.38,65.05,17.96,7
559,20,173,001400,20173001400,3571,78.3,4.82,0.2,0.25,0.0,12.8,8.99,7.73,76.48,14.59,1
560,20,173,001500,20173001500,2969,63.96,4.58,1.01,0.0,0.0,28.86,21.02,20.31,61.54,17.68,1
561,20,173,001800,20173001800,1981,14.74,16.86,0.35,22.31,0.66,42.6,33.67,24.99,65.47,9.54,7
562,20,173,001900,20173001900,2208,66.53,7.34,1.45,2.36,0.0,10.37,19.07,8.83,78.22,12.73,1
563,20,173,002000,20173002000,1892,87.32,1.27,1.53,1.06,0.0,5.97,7.41,3.86,82.03,10.1,1
564,20,173,002200,20173002200,1510,86.75,5.36,0.0,1.06,0.0,5.63,2.19,2.78,83.44,13.31,1
565,20,173,002300,20173002300,1977,77.29,5.67,0.0,1.42,0.0,12.09,14.8,17.05,67.22,15.73,1
566,20,173,002400,20173002400,1352,50.0,11.09,1.78,3.99,0.0,25.3,50.9,23.82,60.21,10.43,1
567,20,173,002600,20173002600,1597,52.6,5.13,0.5,0.0,0.0,33.06,21.28,19.54,65.37,15.09,1
568,20,173,002700,20173002700,2102,41.29,13.89,0.86,0.14,0.0,43.05,41.06,31.87,50.95,9.47,7
569,20,173,002800,20173002800,3222,76.91,3.85,0.16,1.71,0.0,10.92,29.2,17.72,69.49,12.79,1
570,20,173,002900,20173002900,3044,60.25,6.04,0.79,7.49,0.0,14.98,21.42,23.16,62.84,13.99,1
571,20,173,003000,20173003000,2187,59.3,3.61,0.55,0.05,0.0,33.42,34.83,15.73,74.62,9.65,1
572,20,173,003100,20173003100,2114,62.11,12.44,3.45,1.09,0.0,15.89,14.9,19.35,63.62,17.03,1
573,20,173,003200,20173003200,2745,50.42,0.4,0.0,5.65,0.0,38.8,10.67,24.12,59.09,14.9,1
574,20,173,003400,20173003400,3194,47.87,5.2,1.16,0.22,0.0,37.04,34.25,18.44,64.03,17.53,7
575,20,173,003500,20173003500,2395,54.74,11.32,0.63,2.25,0.0,17.87,21.59,11.77,77.58,10.65,1
576,20,173,003600,20173003600,2823,57.39,11.16,0.04,1.52,0.0,21.71,19.94,14.67,77.05,8.29,1
577,20,173,003700,20173003700,1653,41.08,4.9,1.21,11.37,0.0,36.3,24.68,29.46,57.05,13.49,7
578,20,173,003800,20173003800,2673,65.58,11.63,0.0,2.54,0.0,15.9,22.0,22.56,64.38,13.06,1
579,20,173,003900,20173003900,3880,47.71,7.55,1.8,3.14,0.0,31.6,27.86,33.35,52.68,13.97,7
580,20,173,004000,20173004000,4795,58.16,7.11,0.0,0.0,0.0,24.55,29.15,21.42,53.99,24.59,1
581,20,173,004301,20173004301,2681,66.8,17.9,0.0,0.0,0.0,11.41,18.87,4.18,35.62,7.94,1
582,20,173,004302,20173004302,2231,65.31,18.83,0.0,1.39,0.0,10.22,37.91,23.35,65.76,10.04,1
583,20,173,005100,20173005100,4141,52.02,6.45,1.98,8.98,0.0,22.07,39.42,20.6,60.9,15.7,1
584,20,173,005200,20173005200,4858,67.66,8.09,0.7,1.15,0.0,19.49,22.18,10.75,71.55,16.61,1
585,20,173,005300,20173005300,5527,71.11,4.87,0.16,0.69,0.0,19.11,13.61,10.26,69.46,20.28,1
586,20,173,005401,20173005401,2823,77.65,4.07,0.0,0.89,0.0,8.22,7.83,13.04,69.08,17.89,1
587,20,173,005402,20173005402,5133,72.18,10.44,0.0,0.25,0.0,13.68,32.49,18.94,69.04,12.02,1
588,20,173,005501,20173005501,4768,86.95,0.0,0.84,1.78,0.0,5.52,8.08,7.66,76.64,14.35,1
589,20,173,005502,20173005502,6019,88.89,0.43,0.86,0.0,0.0,2.39,8.51,4.85,76.51,18.64,1
590,20,173,005600,20173005600,4584,77.55,0.92,1.2,1.4,0.0,16.27,19.04,11.95,73.01,15.03,1
591,20,173,005700,20173005700,6544,72.02,1.77,0.49,4.08,0.0,17.25,16.83,13.22,71.01,15.77,1
592,20,173,005800,20173005800,4480,47.9,6.9,3.59,13.17,0.0,20.96,22.07,28.13,52.28,19.6,7
593,20,173,005900,20173005900,4424,47.58,5.56,0.54,1.38,0.0,35.71,15.57,20.57,63.74,15.39,7
594,20,173,006000,20173006000,4015,49.76,5.65,0.5,6.18,0.0,32.28,23.51,16.34,67.27,15.14,7
595,20,173,006100,20173006100,2644,43.15,12.29,0.04,2.57,0.0,38.28,30.73,13.58,68.91,17.32,7
596,20,173,006200,20173006200,3528,41.5,14.88,0.37,9.01,0.0,26.87,16.06,19.67,63.44,14.68,7
597,20,173,006300,20173006300,2194,66.86,8.43,0.27,3.56,0.0,15.72,20.34,8.71,64.13,23.84,1
598,20,173,006400,20173006400,2003,60.61,6.44,2.8,2.85,0.0,17.92,17.07,23.56,66.9,9.54,1
599,20,173,006500,20173006500,3835,33.95,8.74,0.29,15.91,0.0,38.9,41.63,30.35,59.01,10.64,7
600,20,173,006600,20173006600,2715,49.98,21.36,0.0,2.98,0.0,15.99,9.03,4.35,64.57,5.67,7
601,20,173,006700,20173006700,2591,38.05,22.31,0.0,7.33,0.0,26.55,16.83,13.16,66.81,18.53,7
602,20,173,006800,20173006800,4525,33.37,32.13,2.28,0.71,0.0,26.5,39.38,18.67,65.79,15.54,7
603,20,173,006900,20173006900,2710,49.37,12.29,0.3,3.84,0.0,30.96,25.54,17.08,70.3,12.62,7
604,20,173,007000,20173007000,3892,48.0,21.27,0.95,7.09,0.41,19.12,21.92,19.68,70.5,7.66,7
605,20,173,007101,20173007101,2252,53.42,15.32,0.67,7.77,0.0,17.94,10.95,20.56,63.72,15.54,1
606,20,173,007102,20173007102,4933,55.75,12.95,0.0,4.97,0.0,23.54,20.29,6.67,75.76,15.81,1
607,20,173,007201,20173007201,4774,68.6,5.24,0.0,11.79,0.0,12.74,9.55,8.04,76.16,15.56,1
608,20,173,007205,20173007205,3285,49.35,16.8,0.58,14.98,0.0,13.21,9.74,7.31,64.54,24.75,7
609,20,173,007206,20173007206,2797,49.84,9.26,0.39,31.14,0.0,6.65,2.32,8.08,72.4,19.52,7
610,20,173,007207,20173007207,2504,57.91,7.87,0.0,21.29,0.0,10.98,2.08,7.23,72.12,17.69,1
611,20,173,007208,20173007208,6482,36.86,13.22,1.02,23.03,0.0,13.64,5.63,10.48,75.08,11.85,7
612,20,173,007301,20173007301,3784,83.59,4.89,0.21,6.05,0.37,3.14,5.47,5.29,70.9,20.75,1
613,20,173,007302,20173007302,4088,85.62,2.08,0.86,0.15,0.0,6.31,17.29,5.68,65.83,28.16,1
614,20,173,007500,20173007500,2885,20.62,59.06,0.0,4.4,0.0,8.49,34.42,15.42,75.46,9.12,2
615,20,173,007600,20173007600,3685,67.03,16.01,0.76,5.16,0.0,8.85,6.02,8.87,60.49,26.13,1
616,20,173,007701,20173007701,2474,35.77,50.65,0.49,3.03,0.0,4.08,32.25,17.83,62.61,19.56,2
617,20,173,007702,20173007702,5009,38.41,26.07,0.0,17.57,0.0,13.56,16.61,12.5,69.79,17.45,7
618,20,173,007800,20173007800,3456,10.36,59.84,0.0,10.01,0.0,16.67,57.3,12.12,79.02,8.85,2
619,20,173,008000,20173008000,5817,72.08,5.78,1.19,8.6,0.0,9.75,6.83,12.57,74.49,12.94,1
620,20,173,008100,20173008100,4866,76.1,0.02,0.35,0.47,0.0,13.81,2.66,9.52,66.54,23.82,1
621,20,173,008200,20173008200,7154,40.68,8.19,0.31,2.92,0.0,45.49,13.06,10.58,64.34,25.08,7
622,20,173,008300,20173008300,4073,76.45,5.33,0.96,0.74,0.0,16.01,6.41,4.0,68.92,27.08,1
623,20,173,008400,20173008400,3796,58.59,12.59,0.18,1.58,0.0,25.71,7.46,7.14,80.64,11.96,1
624,20,173,008500,20173008500,2431,72.36,4.2,0.37,7.4,0.0,15.34,3.58,6.95,69.15,19.33,1
625,20,173,008600,20173008600,3494,81.0,2.2,0.46,2.43,0.0,12.14,5.53,3.98,66.89,27.5,1
626,20,173,008700,20173008700,3971,61.97,0.93,0.63,2.17,0.0,31.4,21.11,24.07,61.07,10.1,1
627,20,173,008800,20173008800,4462,75.57,2.96,0.2,2.04,0.0,17.57,6.37,6.48,69.12,21.6,1
628,20,173,008900,20173008900,3991,65.82,4.51,0.0,0.78,0.0,18.87,16.78,9.6,78.63,11.35,1
629,20,173,009000,20173009000,2800,57.43,4.36,0.32,5.25,0.0,28.14,23.37,11.46,73.46,15.07,1
630,20,173,009100,20173009100,6467,62.05,8.8,0.0,6.29,0.2,19.85,21.49,15.08,71.73,13.19,1
631,20,173,009200,20173009200,2845,85.48,4.6,0.0,2.74,0.14,4.25,6.85,5.98,74.06,16.45,1
632,20,173,009301,20173009301,5610,85.65,2.67,0.09,2.89,0.0,6.92,13.88,9.96,76.31,13.1,1
633,20,173,009303,20173009303,2826,79.87,2.34,2.55,4.14,0.0,9.02,10.15,7.64,79.44,12.24,1
634,20,173,009304,20173009304,2674,67.35,9.76,0.37,0.0,0.0,16.57,14.25,17.05,61.26,21.69,1
635,20,173,009401,20173009401,4187,85.31,0.0,0.88,2.29,0.0,4.82,8.19,3.85,73.85,22.31,1
636,20,173,009402,20173009402,2852,83.13,0.56,1.09,0.0,0.0,12.06,9.5,6.1,64.38,29.52,1
637,20,173,009504,20173009504,5031,69.87,4.83,0.0,0.3,0.0,9.86,19.5,8.07,73.29,18.64,1
638,20,173,009505,20173009505,2799,85.74,2.57,0.0,2.47,0.0,4.07,1.68,5.0,74.71,20.29,1
639,20,173,009506,20173009506,4518,77.36,3.25,0.0,4.94,0.0,11.22,5.98,2.43,82.82,14.74,1
640,20,173,009507,20173009507,6892,80.35,3.42,0.0,4.83,0.0,9.27,1.39,6.62,79.89,13.49,1
641,20,173,009508,20173009508,3136,89.22,0.0,0.0,0.13,0.0,7.91,1.95,2.17,79.3,16.04,1
642,20,173,009509,20173009509,6489,90.08,2.23,0.08,1.2,0.0,4.22,2.27,4.35,80.71,14.95,1
643,20,173,009510,20173009510,5327,87.14,0.92,3.85,0.0,0.0,5.59,3.55,1.41,84.34,13.59,1
644,20,173,009511,20173009511,7202,81.56,0.33,0.5,2.65,0.53,11.26,1.33,4.28,75.83,18.87,1
645,20,173,009512,20173009512,3762,88.7,2.23,0.0,1.46,0.0,5.29,5.56,6.73,72.65,19.06,1
646,20,173,009513,20173009513,4381,73.32,2.65,0.23,1.39,0.0,16.5,12.2,4.38,78.95,16.66,1
647,20,173,009514,20173009514,3592,96.94,0.25,0.0,0.0,0.0,2.81,0.0,1.61,79.43,18.96,1
648,20,173,009515,20173009515,5713,85.93,0.74,1.79,2.92,0.0,6.42,4.56,5.64,79.05,15.16,1
649,20,173,009603,20173009603,2834,73.25,4.34,0.42,6.92,0.0,6.03,3.79,6.21,76.46,17.33,1
650,20,173,009604,20173009604,2608,93.6,0.54,0.12,0.0,0.0,1.92,8.36,4.56,75.0,17.14,1
651,20,173,009605,20173009605,5772,82.83,0.03,1.07,3.17,0.0,12.89,4.16,2.29,82.42,15.3,1
652,20,173,009700,20173009700,6283,84.9,1.5,0.83,0.0,0.0,4.76,5.43,7.85,74.26,17.28,1
653,20,173,009801,20173009801,5096,78.94,1.24,1.2,1.3,0.92,11.24,16.25,6.97,71.35,19.88,1
654,20,173,009803,20173009803,4551,88.82,1.41,0.0,0.99,0.0,1.01,6.39,5.1,68.67,26.24,1
655,20,173,009804,20173009804,3639,91.26,0.0,0.0,1.4,0.0,4.84,4.05,4.64,66.42,28.94,1
656,20,173,009901,20173009901,5508,79.85,1.87,2.96,2.32,0.0,9.4,2.12,3.5,77.05,18.9,1
657,20,173,009902,20173009902,5873,91.49,0.0,0.0,0.0,0.0,1.87,6.73,2.86,77.27,19.87,1
658,20,173,010001,20173010001,4376,81.95,5.05,0.0,7.18,0.0,3.98,2.06,2.95,78.43,18.42,1
659,20,173,010002,20173010002,4198,69.29,5.36,0.21,17.37,0.0,6.36,7.17,2.22,73.65,23.49,1
660,20,173,010003,20173010003,2437,53.88,8.58,0.37,20.6,0.0,10.34,1.63,8.29,74.15,14.85,1
661,20,173,010005,20173010005,3912,81.98,1.46,0.2,1.1,0.0,10.33,4.87,6.75,75.1,17.15,1
662,20,173,010006,20173010006,1748,68.02,5.89,0.0,12.36,0.0,13.73,12.56,2.23,71.4,26.37,1
663,20,173,010007,20173010007,4838,87.31,0.23,0.0,2.44,0.0,6.12,2.69,3.02,71.54,21.66,1
664,20,173,010106,20173010106,3309,67.94,15.17,0.0,6.2,0.0,4.17,18.43,6.29,72.32,20.79,1
665,20,173,010107,20173010107,3741,77.15,6.28,0.43,3.53,0.0,8.23,7.58,3.18,67.71,25.93,1
666,20,173,010108,20173010108,2352,84.65,9.1,0.0,2.59,0.0,1.62,8.51,1.4,73.26,25.34,1
667,20,173,010109,20173010109,2407,47.28,29.54,0.71,3.99,0.0,10.47,18.23,12.34,64.15,16.91,7
668,20,173,010110,20173010110,1565,90.8,0.0,1.66,1.98,0.0,1.28,5.05,1.21,61.53,37.25,1
669,20,173,010111,20173010111,7910,70.06,8.22,0.27,5.87,0.0,11.15,4.64,2.54,77.8,19.47,1
670,20,173,010113,20173010113,4321,68.87,2.41,0.81,7.52,0.0,14.83,6.6,5.55,85.49,8.96,1
671,20,173,010115,20173010115,8301,81.29,4.23,0.01,9.2,0.0,2.18,6.01,1.75,84.45,13.47,1
672,20,173,010116,20173010116,3673,80.72,8.74,0.38,5.36,0.0,1.61,9.82,5.58,80.42,13.99,1
673,20,173,010201,20173010201,6023,89.13,1.0,0.0,2.76,0.0,0.76,1.72,3.89,85.69,10.43,1
674,20,173,010202,20173010202,3907,91.32,0.92,1.89,0.18,0.0,3.48,5.92,4.22,80.29,15.18,1
675,20,173,010301,20173010301,8598,84.17,1.43,0.42,3.9,0.0,7.47,1.57,1.34,83.93,14.74,1
676,20,173,010302,20173010302,8675,90.39,0.88,0.16,1.53,0.0,3.29,3.42,1.76,81.05,17.19,1
677,20,173,010400,20173010400,2175,81.84,0.0,0.0,0.0,0.0,15.45,6.43,13.43,70.53,13.43,1
678,20,173,010500,20173010500,4345,90.24,0.12,0.21,1.29,0.0,6.08,4.24,5.36,81.8,12.84,1
679,20,173,010600,20173010600,4018,95.2,1.77,0.27,0.22,0.0,0.72,7.93,3.31,78.37,15.85,1
680,20,173,010700,20173010700,3347,94.17,0.0,2.24,0.0,0.0,2.57,6.2,9.56,69.44,19.45,1
681,20,173,010801,20173010801,2311,73.91,6.71,0.04,8.91,0.0,6.01,13.72,7.05,80.66,11.12,1
682,20,173,010802,20173010802,2902,55.0,22.57,0.62,8.27,0.0,6.31,14.09,3.03,82.18,14.78,1
683,20,173,010900,20173010900,3751,81.13,7.25,0.11,3.73,0.0,3.39,4.73,3.84,75.63,19.62,1
684,20,175,965600,20175965600,2867,40.5,0.0,0.0,0.52,0.0,58.56,15.81,11.65,78.62,9.73,6
685,20,175,965700,20175965700,4402,54.18,3.48,0.0,1.82,0.0,38.8,11.58,9.0,74.47,14.15,1
686,20,175,965800,20175965800,4110,27.2,2.7,1.85,8.52,0.0,56.69,7.7,19.61,70.39,10.0,6
687,20,175,965900,20175965900,6434,20.67,3.25,0.0,1.15,0.0,73.69,12.24,12.71,77.39,9.9,6
688,20,175,966000,20175966000,4089,10.56,9.56,0.07,1.2,0.0,77.01,24.53,28.05,66.28,3.57,6
689,20,177,000400,20177000400,3300,58.61,13.61,0.39,2.15,0.0,20.27,22.35,19.27,63.09,15.12,1
690,20,177,000500,20177000500,1936,54.44,23.86,1.24,0.0,0.0,17.77,28.15,9.25,62.96,27.79,1
691,20,177,000600,20177000600,1955,50.95,8.49,2.71,0.1,0.0,20.56,20.33,11.97,75.04,12.99,1
692,20,177,000700,20177000700,2451,76.83,10.4,0.0,0.69,0.0,6.12,5.34,7.43,57.41,23.58,1
693,20,177,000800,20177000800,3757,73.94,10.89,2.77,0.43,0.0,9.13,19.69,17.81,61.54,19.03,1
694,20,177,000900,20177000900,2981,60.38,11.61,0.81,1.48,0.0,20.83,9.63,10.47,71.92,17.61,1
695,20,177,001000,20177001000,3082,51.91,7.66,0.0,0.0,0.0,39.36,17.21,13.43,69.53,17.03,1
696,20,177,001100,20177001100,3478,26.6,16.45,0.0,0.0,0.0,55.26,30.72,13.6,71.85,11.99,6
697,20,177,001200,20177001200,2307,24.92,22.8,0.0,0.0,0.0,48.5,12.09,27.61,53.53,18.86,7
698,20,177,001300,20177001300,3908,41.35,20.6,0.13,1.13,1.1,30.73,22.41,14.97,68.5,13.43,7
699,20,177,001500,20177001500,2239,46.32,22.33,0.0,0.04,0.0,29.66,23.14,8.89,63.6,27.51,7
700,20,177,001601,20177001601,2878,73.38,5.04,0.38,2.71,0.03,13.24,7.68,4.27,66.12,24.57,1
701,20,177,001603,20177001603,3168,63.95,9.31,3.63,0.92,0.0,12.63,20.04,7.01,75.92,16.79,1
702,20,177,001604,20177001604,3720,77.58,4.41,0.0,2.26,0.0,9.54,8.94,3.87,72.74,23.39,1
703,20,177,001800,20177001800,3644,76.34,1.54,0.66,1.92,0.0,13.42,11.89,9.44,71.02,19.54,1
704,20,177,001900,20177001900,3434,84.92,0.9,0.26,7.02,0.0,4.11,3.47,7.75,66.83,25.42,1
705,20,177,002100,20177002100,3449,73.76,7.34,1.13,0.55,0.0,13.42,17.56,18.96,68.57,12.18,1
706,20,177,002200,20177002200,2394,90.94,3.01,0.38,0.0,0.0,4.09,15.84,9.36,66.46,24.19,1
707,20,177,002401,20177002401,2372,89.46,3.79,0.0,2.07,0.0,4.51,12.69,6.96,56.32,32.72,1
708,20,177,002402,20177002402,2740,62.45,5.4,0.95,0.0,0.0,8.98,13.72,2.66,52.99,41.31,1
709,20,177,002500,20177002500,2841,82.68,5.81,0.0,3.31,0.0,6.65,6.41,4.54,73.07,22.39,1
710,20,177,002601,20177002601,3890,76.94,7.69,0.0,2.49,0.0,10.15,15.93,8.41,69.1,22.24,1
711,20,177,002602,20177002602,6652,81.19,4.89,0.0,3.47,0.0,6.96,15.74,2.66,74.13,20.69,1
712,20,177,002701,20177002701,4306,68.74,12.15,0.0,0.0,0.0,9.2,6.79,4.64,64.77,29.38,1
713,20,177,002702,20177002702,4367,85.25,5.2,0.0,0.41,0.0,7.35,14.45,4.81,68.51,26.68,1
714,20,177,002800,20177002800,3923,60.97,23.63,0.94,0.0,0.0,10.15,11.95,4.74,67.09,25.87,1
715,20,177,002900,20177002900,2854,41.42,27.82,0.53,0.28,0.0,23.79,24.91,14.44,72.99,12.58,7
716,20,177,003001,20177003001,3980,43.79,19.07,0.48,0.0,0.0,33.77,8.92,8.02,74.55,17.44,7
717,20,177,003002,20177003002,5508,75.87,8.1,1.02,0.0,0.0,10.02,8.84,4.07,74.38,21.55,1
718,20,177,003100,20177003100,6060,51.88,22.69,2.28,0.0,0.0,16.96,21.53,6.9,61.75,17.74,1
719,20,177,003301,20177003301,3124,78.78,4.0,0.38,1.82,0.0,9.25,13.6,5.89,71.67,21.32,1
720,20,177,003302,20177003302,3514,91.29,0.0,0.0,0.17,0.0,6.29,1.54,6.06,77.21,16.73,1
721,20,177,003401,20177003401,5318,92.08,0.68,0.0,0.0,0.0,3.54,5.28,1.99,78.43,19.37,1
722,20,177,003402,20177003402,4334,94.58,0.48,0.0,0.0,0.0,2.91,2.65,7.36,69.15,23.3,1
723,20,177,003500,20177003500,6026,91.27,0.32,0.96,0.05,0.0,5.39,6.41,2.84,78.21,17.49,1
724,20,177,003601,20177003601,4685,85.93,0.23,0.06,1.75,0.0,10.18,4.7,5.96,71.93,21.9,1
725,20,177,003604,20177003604,4009,84.81,1.5,4.12,0.85,0.0,8.26,1.27,0.8,70.89,23.42,1
726,20,177,003605,20177003605,4606,79.57,5.02,0.0,4.17,0.0,8.75,2.04,2.15,74.66,22.99,1
727,20,177,003606,20177003606,5024,80.91,2.33,0.0,5.39,0.0,4.48,6.72,1.71,76.81,17.52,1
728,20,177,003607,20177003607,6174,85.03,2.09,0.0,4.28,0.0,5.15,1.01,0.24,86.82,10.97,1
729,20,177,003701,20177003701,5072,79.32,5.68,1.79,4.24,0.0,7.37,9.2,9.29,66.19,23.62,1
730,20,177,003702,20177003702,4139,69.94,16.67,0.0,0.12,0.0,3.62,14.27,8.6,62.89,26.94,1
731,20,177,003901,20177003901,7082,87.76,0.76,0.0,0.0,0.0,9.69,1.15,1.27,76.42,22.31,1
732,20,177,003902,20177003902,4241,93.4,3.65,0.0,0.26,0.0,1.25,3.03,2.71,69.84,26.97,1
733,20,177,004000,20177004000,2355,43.78,11.0,1.4,0.0,0.0,32.57,19.06,22.76,40.72,15.37,7
734,20,177,004100,20177004100,4016,81.4,3.54,3.61,0.0,0.0,9.66,11.17,8.42,62.0,25.6,1
735,20,179,952800,20179952800,2515,92.45,0.83,0.6,0.0,0.0,5.49,5.28,7.59,70.06,21.11,1
736,20,181,453600,20181453600,2123,93.26,0.57,1.18,0.33,0.0,2.92,9.4,10.6,68.35,21.06,1
737,20,181,453700,20181453700,3781,77.97,0.32,0.13,1.8,0.0,17.35,6.22,7.91,68.26,21.48,1
738,20,183,475800,20183475800,1637,94.56,0.12,0.37,1.34,0.0,2.14,11.2,10.51,66.04,20.53,1
739,20,183,475900,20183475900,1957,93.92,0.41,0.46,0.31,0.0,2.76,8.75,7.1,69.95,22.43,1
740,20,185,470600,20185470600,1812,97.08,0.22,0.66,0.22,0.0,1.82,14.02,6.13,67.11,23.01,1
741,20,185,470700,20185470700,2313,72.55,0.0,0.78,0.0,0.0,22.27,9.34,12.28,67.27,18.42,1
742,20,187,964100,20187964100,2030,58.77,0.0,0.2,0.0,0.0,36.5,20.1,19.31,63.5,15.71,1
743,20,189,965100,20189965100,1202,74.79,2.75,0.17,0.0,0.0,22.3,10.65,13.81,67.8,18.39,1
744,20,189,965200,20189965200,4296,57.47,0.02,0.0,0.0,0.0,40.81,18.96,16.64,67.43,12.29,1
745,20,191,962100,20191962100,4864,89.58,0.02,0.9,0.8,0.0,7.71,9.34,10.55,68.48,19.7,1
746,20,191,962200,20191962200,5038,94.68,0.85,1.13,1.05,0.0,1.01,10.34,5.56,78.5,14.85,1
747,20,191,962300,20191962300,2506,92.9,0.92,0.0,0.0,0.0,3.31,14.38,8.74,70.95,19.51,1
748,20,191,962400,20191962400,3796,90.15,0.58,0.24,0.0,0.0,6.22,15.29,8.43,68.39,21.36,1
749,20,191,962500,20191962500,4247,81.45,1.91,2.14,0.0,0.0,8.97,13.01,7.61,68.26,19.03,1
750,20,191,962600,20191962600,2477,85.63,0.0,2.02,0.97,0.0,6.3,13.45,9.53,67.3,21.76,1
751,20,193,953100,20193953100,5832,89.44,2.91,0.0,0.6,0.0,6.05,6.89,6.82,77.35,13.97,1
752,20,193,953400,20193953400,1916,88.47,0.0,0.0,0.21,0.0,9.76,9.39,14.61,73.43,11.95,1
753,20,195,955800,20195955800,2802,96.97,0.14,0.11,0.0,0.0,2.36,6.66,7.57,63.49,25.84,1
754,20,197,483100,20197483100,4403,89.48,0.93,0.45,0.98,0.07,4.84,6.07,7.54,71.29,20.44,1
755,20,197,483200,20197483200,2474,96.6,0.0,0.2,0.0,0.0,2.75,4.9,4.32,69.28,23.52,1
756,20,199,954100,20199954100,1583,89.83,0.25,0.0,0.57,0.0,5.94,12.48,4.67,72.9,20.66,1
757,20,201,978600,20201978600,2861,97.66,0.21,0.0,0.31,0.0,1.08,10.32,3.53,71.55,22.61,1
758,20,201,978700,20201978700,2613,89.05,0.0,1.26,0.0,0.0,7.0,8.18,6.01,69.61,22.2,1
759,20,203,957600,20203957600,2112,68.09,1.04,0.09,1.09,0.0,29.31,7.92,4.97,72.49,21.16,1
760,20,205,097100,20205097100,1958,91.98,0.51,0.15,0.0,0.0,1.43,21.04,8.89,66.5,24.62,1
761,20,205,097200,20205097200,1564,93.54,1.73,0.32,0.0,0.0,1.02,11.51,3.84,67.01,29.16,1
762,20,205,097300,20205097300,2352,89.58,0.81,0.0,0.0,0.0,6.29,16.28,4.0,68.66,23.68,1
763,20,205,097400,20205097400,2726,92.41,0.29,0.4,0.0,0.37,3.56,8.11,6.05,73.18,19.08,1
764,20,207,096600,20207096600,1531,98.3,0.26,0.39,0.0,0.0,0.2,15.69,8.43,67.28,24.3,1
765,20,207,096700,20207096700,1586,86.82,0.06,3.03,0.0,0.0,0.5,10.81,11.35,60.09,28.18,1
766,20,209,040100,20209040100,2669,7.46,56.16,2.06,7.42,0.0,25.25,25.37,18.32,69.99,11.69,2
767,20,209,040200,20209040200,1243,1.21,54.14,0.0,14.72,0.0,29.77,20.68,27.92,58.81,13.27,2
768,20,209,040500,20209040500,2075,14.6,38.12,0.1,7.13,0.0,38.55,32.19,18.94,74.27,6.8,7
769,20,209,040600,20209040600,2603,7.76,40.3,0.0,0.31,0.08,42.26,16.88,28.81,53.17,18.02,7
770,20,209,040700,20209040700,1560,8.27,51.92,0.0,0.0,0.0,35.96,22.37,17.05,77.76,5.19,2
771,20,209,040900,20209040900,1474,19.0,47.35,0.0,1.9,0.0,27.07,17.98,21.1,48.91,29.99,7
772,20,209,041100,20209041100,1647,5.4,71.34,0.0,10.2,0.0,8.08,62.17,21.43,72.62,5.95,2
773,20,209,041200,20209041200,1394,8.39,26.83,0.0,0.93,0.0,57.75,15.14,27.12,52.73,20.16,6
774,20,209,041300,20209041300,4993,15.46,19.87,0.0,0.02,0.0,51.63,14.9,30.42,50.93,18.65,6
775,20,209,041400,20209041400,2106,5.13,73.22,0.62,4.99,0.0,11.82,50.93,13.77,69.94,16.29,2
776,20,209,041500,20209041500,3195,17.21,7.73,0.0,33.99,0.0,36.71,29.95,24.44,68.54,6.85,7
777,20,209,041600,20209041600,3680,20.33,18.7,0.0,0.08,0.0,52.31,14.93,36.14,52.36,11.49,6
778,20,209,041900,20209041900,1533,46.18,1.17,0.0,0.0,0.0,50.42,12.46,15.33,74.1,10.57,6
779,20,209,042001,20209042001,1399,30.59,13.72,0.0,9.79,0.0,44.96,29.11,27.45,43.82,3.15,7
780,20,209,042002,20209042002,1604,10.47,10.66,0.37,7.61,0.0,69.08,22.94,28.99,56.23,12.09,6
781,20,209,042100,20209042100,3218,20.67,7.43,0.19,8.3,0.0,62.8,30.92,33.81,58.55,7.64,6
782,20,209,042200,20209042200,1973,19.61,0.05,0.0,0.0,0.0,79.78,5.07,27.93,66.6,5.47,6
783,20,209,042300,20209042300,3235,17.77,19.78,0.8,5.56,0.0,55.77,49.43,30.32,59.63,10.05,6
784,20,209,042400,20209042400,2516,11.13,17.97,0.0,9.54,0.2,60.89,28.99,31.64,55.45,12.92,6
785,20,209,042600,20209042600,2372,17.71,0.0,0.0,0.42,0.0,78.79,22.2,35.16,59.23,5.61,6
786,20,209,042700,20209042700,3329,21.45,11.99,0.0,9.52,0.0,56.44,27.46,29.29,62.63,8.08,6
787,20,209,042800,20209042800,3474,41.05,17.65,0.0,0.0,0.0,40.13,26.3,14.71,73.06,12.23,7
788,20,209,042900,20209042900,3940,17.87,21.07,0.33,12.87,0.0,44.62,38.42,23.65,67.66,8.68,7
789,20,209,043000,20209043000,3348,61.83,3.08,1.43,0.0,0.0,27.09,15.92,16.76,73.54,9.71,1
790,20,209,043301,20209043301,3723,34.84,20.01,0.11,5.91,0.46,37.63,21.54,26.7,64.76,8.54,7
791,20,209,043400,20209043400,2071,68.32,2.9,0.0,0.0,0.0,28.54,6.76,14.2,75.47,10.33,1
792,20,209,043500,20209043500,1512,69.58,2.12,0.0,5.75,0.0,20.04,6.15,13.82,65.94,20.24,1
793,20,209,043600,20209043600,6179,52.11,4.66,0.0,0.0,0.0,39.04,10.55,14.55,73.36,12.09,1
794,20,209,043700,20209043700,2401,53.27,9.95,0.0,0.33,0.0,34.69,17.28,21.78,65.93,12.29,1
795,20,209,043802,20209043802,1058,89.13,0.0,0.66,0.0,0.0,6.99,5.04,16.07,67.11,16.82,1
796,20,209,043803,20209043803,3105,74.49,0.81,0.0,3.86,0.0,17.58,9.5,9.05,73.46,17.49,1
797,20,209,043903,20209043903,3304,22.09,34.05,0.0,5.05,0.0,28.18,36.65,15.13,72.64,11.86,7
798,20,209,043904,20209043904,3857,14.96,36.71,0.03,3.24,5.94,32.95,31.4,23.72,66.09,10.19,7
799,20,209,043905,20209043905,1805,54.9,21.0,0.5,1.0,0.0,15.01,32.91,9.75,71.41,18.34,1
800,20,209,044001,20209044001,3173,57.86,18.69,0.98,0.95,0.0,17.74,17.57,18.28,65.9,15.82,1
801,20,209,044002,20209044002,3675,61.96,11.59,0.0,0.73,0.0,21.2,27.33,15.67,70.04,14.29,1
802,20,209,044101,20209044101,1670,22.46,35.69,0.0,0.6,0.0,37.43,33.33,15.51,77.01,7.49,7
803,20,209,044102,20209044102,3054,33.6,24.98,0.82,4.03,0.0,29.27,18.86,12.28,72.53,14.73,7
804,20,209,044103,20209044103,2867,37.98,43.32,1.85,9.8,0.0,3.59,1.89,7.6,67.07,19.01,7
805,20,209,044104,20209044104,3009,31.17,37.72,0.0,9.77,0.0,15.09,17.36,16.05,67.36,16.58,7
806,20,209,044201,20209044201,3633,48.25,28.13,0.0,8.09,0.0,13.13,3.41,11.15,72.01,16.85,7
807,20,209,044202,20209044202,3843,43.98,27.69,0.21,14.88,0.0,8.53,1.99,10.8,77.08,12.13,7
808,20,209,044301,20209044301,2430,56.91,23.05,0.37,2.02,0.0,11.98,10.13,10.99,68.97,16.71,1
809,20,209,044302,20209044302,1799,29.18,35.85,0.0,1.45,0.28,29.46,4.84,9.95,76.43,11.28,7
810,20,209,044303,20209044303,2579,22.61,51.76,0.0,5.2,0.0,16.29,25.74,18.81,62.62,14.58,2
811,20,209,044400,20209044400,2952,45.36,25.2,0.0,5.15,0.0,24.29,21.14,17.34,65.45,17.21,7
812,20,209,044500,20209044500,2601,17.8,39.25,0.27,4.15,0.0,34.53,25.45,18.95,65.17,15.88,7
813,20,209,044601,20209044601,3075,53.33,17.14,0.39,1.4,0.0,23.09,4.46,9.85,71.67,13.59,1
814,20,209,044602,20209044602,0,,,,,,,,,,,7
815,20,209,044603,20209044603,0,,,,,,,,,,,7
816,20,209,044702,20209044702,4506,67.2,10.3,0.24,1.4,0.0,10.34,8.23,11.5,76.25,9.01,1
817,20,209,044703,20209044703,4184,55.14,18.69,1.34,8.48,0.0,2.96,4.62,3.54,84.58,11.26,1
818,20,209,044704,20209044704,1744,50.17,30.39,0.0,1.43,0.0,11.58,4.07,3.44,70.7,25.86,1
819,20,209,044803,20209044803,6282,72.25,15.39,0.25,0.94,0.0,8.12,4.38,3.52,82.98,13.04,1
820,20,209,044804,20209044804,4933,69.35,17.11,0.0,2.45,0.0,6.75,0.84,3.14,82.24,14.29,1
821,20,209,044807,20209044807,2886,86.8,5.79,0.8,0.52,0.0,4.99,2.73,3.08,79.18,17.74,1
822,20,209,044900,20209044900,5015,72.56,9.89,0.4,0.0,0.0,13.86,15.92,9.35,66.86,22.91,1
823,20,209,045100,20209045100,1912,37.92,13.34,0.42,13.96,0.0,25.21,29.02,11.45,78.92,9.1,7
824,20,209,045200,20209045200,4030,62.28,1.39,0.37,11.22,0.0,23.33,20.28,6.0,85.21,8.78,1
825,20,209,980000,20209980000,0,,,,,,,,,,,7
826,20,209,980500,20209980500,0,,,,,,,,,,,7
827,20,209,980900,20209980900,0,,,,,,,,,,,7
828,20,209,981200,20209981200,0,,,,,,,,,,,7
829,20,209,981500,20209981500,0,,,,,,,,,,,7
