State,5,10,25,50,100
Alabama,"[3527, 2928, 1361, 2071, 2460]","[3527, 2928, 1361, 2071, 2460, 2626, 2278, 2604, 50, 308]","[3527, 2928, 1361, 2071, 2460, 2626, 2278, 2604, 50, 308, 608, 2913, 801, 3876, 3238, 1159, 2504, 171, 463, 1586, 1139, 1718, 1336, 2427, 3228]","[3527, 2928, 1361, 2071, 2460, 2626, 2278, 2604, 50, 308, 608, 2913, 801, 3876, 3238, 1159, 2504, 171, 463, 1586, 1139, 1718, 1336, 2427, 3228, 2176, 2563, 393, 266, 2191, 2959, 3091, 27, 158, 164, 1708, 2862, 956, 468, 2389, 3796, 2908, 863, 2018, 2283, 2675, 1657, 251, 1788, 255]","[3527, 2928, 1361, 2071, 2460, 2626, 2278, 2604, 50, 308, 608, 2913, 801, 3876, 3238, 1159, 2504, 171, 463, 1586, 1139, 1718, 1336, 2427, 3228, 2176, 2563, 393, 266, 2191, 2959, 3091, 27, 158, 164, 1708, 2862, 956, 468, 2389, 3796, 2908, 863, 2018, 2283, 2675, 1657, 251, 1788, 255, 1157, 3857, 1300, 150, 152, 538, 163, 1320, 3882, 3115, 3243, 1071, 2172, 3247, 3889, 307, 2739, 2101, 3894, 1079, 317, 959, 1727, 1089, 834, 451, 1859, 2115, 2887, 3275, 2895, 1111, 477, 1501, 2270, 2021, 487, 1641, 491, 1137, 882, 3569, 1140, 1396, 1014, 3828, 2552, 636, 253, 767]"
Alaska,"[450, 3, 502, 377, 447]","[450, 3, 502, 377, 447, 448, 1, 496, 499, 380]","[450, 3, 502, 377, 447, 448, 1, 496, 499, 380, 0, 449, 454, 455, 205, 365, 495, 209, 497, 467, 214, 376, 474, 379, 319]","[450, 3, 502, 377, 447, 448, 1, 496, 499, 380, 0, 449, 454, 455, 205, 365, 495, 209, 497, 467, 214, 376, 474, 379, 319, 2, 4, 283, 289, 292, 296, 297, 441, 452, 325, 453, 456, 460, 206, 208, 222, 227, 487, 490, 492, 366, 494, 375, 378, 382]","[450, 3, 502, 377, 447, 448, 1, 496, 499, 380, 0, 449, 454, 455, 205, 365, 495, 209, 497, 467, 214, 376, 474, 379, 319, 2, 4, 283, 289, 292, 296, 297, 441, 452, 325, 453, 456, 460, 206, 208, 222, 227, 487, 490, 492, 366, 494, 375, 378, 382, 384, 5, 262, 7, 391, 275, 276, 287, 32, 39, 295, 298, 48, 437, 315, 443, 61, 446, 320, 321, 451, 334, 207, 464, 465, 210, 468, 215, 216, 344, 471, 219, 473, 476, 223, 224, 225, 226, 351, 228, 229, 353, 356, 488, 491, 498, 500, 245, 373, 254]"
Arizona,"[257, 3341, 369, 3347, 349]","[257, 3341, 369, 3347, 349, 320, 3, 265, 2873, 254]","[257, 3341, 369, 3347, 349, 320, 3, 265, 2873, 254, 256, 1, 3169, 3330, 5, 10, 3800, 272, 3251, 3348, 4117, 4343, 24, 3869, 255]","[257, 3341, 369, 3347, 349, 320, 3, 265, 2873, 254, 256, 1, 3169, 3330, 5, 10, 3800, 272, 3251, 3348, 4117, 4343, 24, 3869, 255, 0, 4, 264, 267, 4365, 4498, 20, 22, 4123, 4511, 3872, 36, 295, 3369, 4659, 312, 319, 3790, 3155, 4564, 4573, 3312, 376, 3322, 253]","[257, 3341, 369, 3347, 349, 320, 3, 265, 2873, 254, 256, 1, 3169, 3330, 5, 10, 3800, 272, 3251, 3348, 4117, 4343, 24, 3869, 255, 0, 4, 264, 267, 4365, 4498, 20, 22, 4123, 4511, 3872, 36, 295, 3369, 4659, 312, 319, 3790, 3155, 4564, 4573, 3312, 376, 3322, 253, 128, 258, 3333, 6, 262, 263, 3337, 3848, 3595, 268, 3340, 3342, 4111, 4496, 3346, 2454, 3350, 4122, 414, 928, 292, 296, 3250, 56, 314, 315, 2875, 4287, 64, 327, 335, 3152, 2130, 83, 3166, 4705, 4194, 228, 3173, 230, 3817, 3306, 3818, 366, 112, 370, 4217, 3324, 4349, 3327]"
Arkansas,"[202, 1003, 842, 1069, 1739]","[202, 1003, 842, 1069, 1739, 1028, 2001, 1300, 1308, 29]","[202, 1003, 842, 1069, 1739, 1028, 2001, 1300, 1308, 29, 960, 1667, 420, 996, 1252, 1636, 492, 2095, 1008, 1360, 1972, 23, 1274, 700, 1151]","[202, 1003, 842, 1069, 1739, 1028, 2001, 1300, 1308, 29, 960, 1667, 420, 996, 1252, 1636, 492, 2095, 1008, 1360, 1972, 23, 1274, 700, 1151, 1280, 2179, 1173, 1052, 540, 1569, 937, 1327, 1584, 1586, 310, 831, 1217, 2007, 1370, 992, 741, 1002, 748, 1518, 1263, 1520, 1913, 2043, 2044]","[202, 1003, 842, 1069, 1739, 1028, 2001, 1300, 1308, 29, 960, 1667, 420, 996, 1252, 1636, 492, 2095, 1008, 1360, 1972, 23, 1274, 700, 1151, 1280, 2179, 1173, 1052, 540, 1569, 937, 1327, 1584, 1586, 310, 831, 1217, 2007, 1370, 992, 741, 1002, 748, 1518, 1263, 1520, 1913, 2043, 2044, 779, 2060, 269, 781, 1296, 529, 2064, 916, 789, 2205, 932, 549, 1446, 1580, 816, 2096, 690, 566, 1976, 2110, 1984, 1474, 1859, 1223, 1864, 329, 1994, 205, 206, 589, 1750, 1623, 987, 1628, 1756, 1759, 1889, 1637, 1514, 491, 1004, 1005, 1390, 1135, 2159, 1137, 1268, 1270, 247, 249]"
California,"[3010, 23271, 2280, 1415, 17466]","[3010, 23271, 2280, 1415, 17466, 20995, 1380, 16648, 17421, 15096]","[3010, 23271, 2280, 1415, 17466, 20995, 1380, 16648, 17421, 15096, 17314, 24483, 15717, 3050, 14602, 3436, 1133, 15102, 19594, 10582, 14201, 3962, 10877, 10526, 11071]","[3010, 23271, 2280, 1415, 17466, 20995, 1380, 16648, 17421, 15096, 17314, 24483, 15717, 3050, 14602, 3436, 1133, 15102, 19594, 10582, 14201, 3962, 10877, 10526, 11071, 3723, 1298, 24467, 14745, 3872, 13857, 24480, 17449, 14381, 16310, 14904, 17465, 14527, 17992, 11082, 23252, 2136, 3673, 11485, 3677, 3044, 23268, 3180, 24557, 23293]","[3010, 23271, 2280, 1415, 17466, 20995, 1380, 16648, 17421, 15096, 17314, 24483, 15717, 3050, 14602, 3436, 1133, 15102, 19594, 10582, 14201, 3962, 10877, 10526, 11071, 3723, 1298, 24467, 14745, 3872, 13857, 24480, 17449, 14381, 16310, 14904, 17465, 14527, 17992, 11082, 23252, 2136, 3673, 11485, 3677, 3044, 23268, 3180, 24557, 23293, 24833, 16646, 15496, 17545, 19597, 17551, 10384, 1297, 1682, 23315, 10517, 24472, 17563, 1186, 14507, 3892, 23352, 14905, 23611, 23614, 17215, 17474, 3014, 21703, 17226, 11468, 1997, 11086, 17997, 10578, 19290, 19291, 23130, 17246, 13793, 2282, 13803, 3820, 25450, 2800, 24688, 14194, 2931, 3187, 3061, 24438, 1271, 16760, 20859, 3581]"
Colorado,"[2455, 3269, 1097, 3532, 3415]","[2455, 3269, 1097, 3532, 3415, 573, 2532, 3527, 3252, 989]","[2455, 3269, 1097, 3532, 3415, 573, 2532, 3527, 3252, 989, 3270, 296, 3657, 3402, 1100, 2444, 2445, 1647, 1234, 274, 3570, 3891, 2199, 2520, 605]","[2455, 3269, 1097, 3532, 3415, 573, 2532, 3527, 3252, 989, 3270, 296, 3657, 3402, 1100, 2444, 2445, 1647, 1234, 274, 3570, 3891, 2199, 2520, 605, 2177, 2183, 1939, 3859, 24, 159, 2980, 3623, 168, 3499, 2481, 54, 3388, 323, 1095, 2511, 3665, 3802, 1125, 1641, 3435, 2292, 2166, 3448, 767]","[2455, 3269, 1097, 3532, 3415, 573, 2532, 3527, 3252, 989, 3270, 296, 3657, 3402, 1100, 2444, 2445, 1647, 1234, 274, 3570, 3891, 2199, 2520, 605, 2177, 2183, 1939, 3859, 24, 159, 2980, 3623, 168, 3499, 2481, 54, 3388, 323, 1095, 2511, 3665, 3802, 1125, 1641, 3435, 2292, 2166, 3448, 767, 769, 3713, 4, 3716, 2695, 776, 3465, 3719, 3720, 3851, 3598, 2192, 786, 2323, 2453, 2328, 2201, 1690, 3873, 163, 3619, 2172, 3762, 564, 4021, 571, 3261, 3776, 1985, 3394, 1092, 3396, 2120, 3274, 1996, 1229, 1103, 1616, 3674, 2527, 227, 1900, 3436, 3565, 2031, 3951, 3571, 1908, 761, 764]"
Connecticut,"[842, 365, 946, 534, 348]","[842, 365, 946, 534, 348, 1186, 1763, 2215, 2609, 119]","[842, 365, 946, 534, 348, 1186, 1763, 2215, 2609, 119, 834, 229, 1829, 360, 2185, 1290, 333, 173, 1455, 944, 1811, 2677, 2358, 2391, 920]","[842, 365, 946, 534, 348, 1186, 1763, 2215, 2609, 119, 834, 229, 1829, 360, 2185, 1290, 333, 173, 1455, 944, 1811, 2677, 2358, 2391, 920, 764, 395, 914, 1684, 533, 2204, 2213, 1323, 940, 1457, 950, 1208, 1209, 1983, 1228, 2253, 1998, 93, 2152, 2283, 751, 1141, 1525, 1916, 1279]","[842, 365, 946, 534, 348, 1186, 1763, 2215, 2609, 119, 834, 229, 1829, 360, 2185, 1290, 333, 173, 1455, 944, 1811, 2677, 2358, 2391, 920, 764, 395, 914, 1684, 533, 2204, 2213, 1323, 940, 1457, 950, 1208, 1209, 1983, 1228, 2253, 1998, 93, 2152, 2283, 751, 1141, 1525, 1916, 1279, 897, 1027, 1156, 2310, 1031, 265, 394, 2697, 1681, 2195, 791, 2589, 2334, 2590, 930, 1573, 1407, 2344, 2219, 1709, 1203, 821, 2488, 1979, 1212, 1340, 1086, 1214, 2495, 580, 581, 1220, 2244, 969, 1358, 1871, 80, 1233, 2256, 1491, 2517, 215, 733, 1893, 230, 1259, 1648, 2417, 2301, 127]"
Delaware,"[33, 390, 555, 60, 62]","[33, 390, 555, 60, 62, 673, 547, 583, 649, 664]","[33, 390, 555, 60, 62, 673, 547, 583, 649, 664, 2, 420, 198, 71, 104, 522, 13, 462, 622, 639, 532, 567, 633, 410, 31]","[33, 390, 555, 60, 62, 673, 547, 583, 649, 664, 2, 420, 198, 71, 104, 522, 13, 462, 622, 639, 532, 567, 633, 410, 31, 643, 647, 142, 656, 408, 550, 167, 562, 692, 54, 439, 444, 458, 336, 464, 466, 469, 218, 93, 478, 359, 490, 113, 502, 383]","[33, 390, 555, 60, 62, 673, 547, 583, 649, 664, 2, 420, 198, 71, 104, 522, 13, 462, 622, 639, 532, 567, 633, 410, 31, 643, 647, 142, 656, 408, 550, 167, 562, 692, 54, 439, 444, 458, 336, 464, 466, 469, 218, 93, 478, 359, 490, 113, 502, 383, 384, 1, 515, 260, 12, 270, 527, 17, 273, 661, 662, 283, 28, 545, 418, 38, 678, 41, 42, 425, 175, 563, 436, 53, 566, 56, 440, 441, 443, 572, 63, 192, 65, 449, 575, 197, 330, 460, 461, 465, 467, 470, 598, 94, 355, 620, 241, 625, 630, 634]"
Florida,"[11587, 5100, 6064, 12732, 6140]","[11587, 5100, 6064, 12732, 6140, 585, 9162, 5483, 12841, 5118]","[11587, 5100, 6064, 12732, 6140, 585, 9162, 5483, 12841, 5118, 4928, 9762, 5764, 13223, 5097, 6095, 5746, 179, 6068, 7314, 374, 11607, 4697, 5081, 4541]","[11587, 5100, 6064, 12732, 6140, 585, 9162, 5483, 12841, 5118, 4928, 9762, 5764, 13223, 5097, 6095, 5746, 179, 6068, 7314, 374, 11607, 4697, 5081, 4541, 263, 1290, 2698, 3466, 1940, 4884, 11931, 5290, 3379, 2364, 12864, 7754, 8915, 10323, 12763, 8284, 2141, 5344, 6115, 3430, 107, 621, 2031, 3958, 3452]","[11587, 5100, 6064, 12732, 6140, 585, 9162, 5483, 12841, 5118, 4928, 9762, 5764, 13223, 5097, 6095, 5746, 179, 6068, 7314, 374, 11607, 4697, 5081, 4541, 263, 1290, 2698, 3466, 1940, 4884, 11931, 5290, 3379, 2364, 12864, 7754, 8915, 10323, 12763, 8284, 2141, 5344, 6115, 3430, 107, 621, 2031, 3958, 3452, 8193, 4739, 5379, 6147, 3335, 13200, 1809, 531, 275, 3475, 7316, 8212, 3353, 11420, 13217, 3623, 2600, 12455, 2478, 3635, 3126, 6072, 12344, 9280, 1991, 3400, 3405, 4303, 1747, 10195, 5085, 10077, 13278, 13280, 8929, 8290, 5347, 2663, 5736, 11623, 10348, 11756, 1903, 5359, 8816, 5490, 10228, 3961, 6907, 3324]"
Georgia,"[709, 7228, 2867, 5557, 2972]","[709, 7228, 2867, 5557, 2972, 4773, 7207, 4749, 6812, 2815]","[709, 7228, 2867, 5557, 2972, 4773, 7207, 4749, 6812, 2815, 704, 225, 1413, 4391, 6440, 1929, 7275, 6700, 5741, 7053, 208, 7282, 2809, 4412, 3071]","[709, 7228, 2867, 5557, 2972, 4773, 7207, 4749, 6812, 2815, 704, 225, 1413, 4391, 6440, 1929, 7275, 6700, 5741, 7053, 208, 7282, 2809, 4412, 3071, 385, 5507, 2951, 5896, 7047, 6414, 4893, 6436, 5670, 6823, 2996, 5432, 5690, 187, 6847, 6597, 198, 6856, 7242, 5975, 6875, 7395, 4972, 3057, 5617]","[709, 7228, 2867, 5557, 2972, 4773, 7207, 4749, 6812, 2815, 704, 225, 1413, 4391, 6440, 1929, 7275, 6700, 5741, 7053, 208, 7282, 2809, 4412, 3071, 385, 5507, 2951, 5896, 7047, 6414, 4893, 6436, 5670, 6823, 2996, 5432, 5690, 187, 6847, 6597, 198, 6856, 7242, 5975, 6875, 7395, 4972, 3057, 5617, 1408, 4992, 5377, 1412, 1161, 11, 267, 395, 7052, 6161, 6417, 4245, 7063, 24, 5530, 2715, 6813, 6815, 7327, 3361, 6690, 3235, 6312, 685, 2865, 5433, 1595, 1980, 60, 3266, 6342, 583, 5066, 6346, 4556, 7117, 5839, 211, 5590, 7256, 3163, 6109, 4322, 7396, 229, 7142, 4328, 3692, 6257, 6783]"
Hawaii,"[0, 772, 73, 946, 53]","[0, 772, 73, 946, 53, 768, 103, 716, 597, 63]","[0, 772, 73, 946, 53, 768, 103, 716, 597, 63, 128, 322, 898, 1027, 1028, 41, 919, 465, 881, 21, 151, 952, 891, 61, 766]","[0, 772, 73, 946, 53, 768, 103, 716, 597, 63, 128, 322, 898, 1027, 1028, 41, 919, 465, 881, 21, 151, 952, 891, 61, 766, 401, 793, 288, 928, 162, 942, 689, 694, 58, 62, 456, 586, 76, 973, 78, 722, 468, 475, 95, 737, 868, 107, 1006, 500, 765]","[0, 772, 73, 946, 53, 768, 103, 716, 597, 63, 128, 322, 898, 1027, 1028, 41, 919, 465, 881, 21, 151, 952, 891, 61, 766, 401, 793, 288, 928, 162, 942, 689, 694, 58, 62, 456, 586, 76, 973, 78, 722, 468, 475, 95, 737, 868, 107, 1006, 500, 765, 769, 770, 261, 1032, 138, 396, 1037, 20, 149, 895, 25, 1023, 540, 169, 42, 171, 300, 426, 819, 52, 565, 695, 951, 702, 64, 451, 68, 69, 71, 74, 330, 714, 77, 590, 591, 81, 82, 853, 217, 90, 353, 485, 619, 876, 882, 883, 120, 893, 126, 767]"
Idaho,"[998, 1267, 470, 382, 1087]","[998, 1267, 470, 382, 1087, 768, 397, 334, 849, 415]","[998, 1267, 470, 382, 1087, 768, 397, 334, 849, 415, 416, 673, 868, 396, 780, 1100, 463, 784, 1101, 1138, 1169, 596, 887, 600, 475]","[998, 1267, 470, 382, 1087, 768, 397, 334, 849, 415, 416, 673, 868, 396, 780, 1100, 463, 784, 1101, 1138, 1169, 596, 887, 600, 475, 777, 782, 1044, 1173, 1047, 1278, 681, 940, 832, 706, 850, 856, 472, 473, 476, 1118, 607, 865, 877, 751, 882, 1144, 761, 635, 894]","[998, 1267, 470, 382, 1087, 768, 397, 334, 849, 415, 416, 673, 868, 396, 780, 1100, 463, 784, 1101, 1138, 1169, 596, 887, 600, 475, 777, 782, 1044, 1173, 1047, 1278, 681, 940, 832, 706, 850, 856, 472, 473, 476, 1118, 607, 865, 877, 751, 882, 1144, 761, 635, 894, 898, 1026, 516, 1161, 778, 1035, 781, 783, 1039, 913, 1170, 403, 531, 788, 406, 666, 669, 803, 1188, 422, 679, 1193, 426, 557, 813, 814, 816, 50, 693, 694, 1089, 70, 1098, 332, 847, 1103, 467, 725, 1143, 471, 857, 734, 354, 1250, 1263, 241, 1137, 502, 758, 507]"
Illinois,"[5376, 451, 9004, 9837, 7573]","[5376, 451, 9004, 9837, 7573, 7426, 4488, 6056, 3949, 7472]","[5376, 451, 9004, 9837, 7573, 7426, 4488, 6056, 3949, 7472, 9566, 8292, 7974, 73, 7371, 8332, 7821, 5614, 2894, 9003, 8273, 595, 7931, 7261, 5598]","[5376, 451, 9004, 9837, 7573, 7426, 4488, 6056, 3949, 7472, 9566, 8292, 7974, 73, 7371, 8332, 7821, 5614, 2894, 9003, 8273, 595, 7931, 7261, 5598, 6788, 261, 4613, 7819, 6934, 4249, 294, 5415, 9255, 58, 4670, 2509, 8400, 7761, 7252, 4316, 6493, 6241, 5604, 9700, 4967, 8554, 9711, 1524, 9724]","[5376, 451, 9004, 9837, 7573, 7426, 4488, 6056, 3949, 7472, 9566, 8292, 7974, 73, 7371, 8332, 7821, 5614, 2894, 9003, 8273, 595, 7931, 7261, 5598, 6788, 261, 4613, 7819, 6934, 4249, 294, 5415, 9255, 58, 4670, 2509, 8400, 7761, 7252, 4316, 6493, 6241, 5604, 9700, 4967, 8554, 9711, 1524, 9724, 9601, 8322, 8323, 134, 7943, 8583, 1417, 4618, 2827, 7436, 7695, 3602, 4498, 3993, 6042, 8601, 9244, 8350, 3747, 7844, 5797, 6821, 9635, 9769, 170, 5418, 8490, 7725, 3758, 6447, 8751, 7990, 1468, 4797, 9026, 4678, 327, 6992, 4183, 9438, 2400, 6498, 6884, 7919, 112, 6005, 6774, 4090, 1917, 4607]"
Indiana,"[2017, 2178, 1350, 2252, 2162]","[2017, 2178, 1350, 2252, 2162, 2180, 3910, 2184, 2421, 2686]","[2017, 2178, 1350, 2252, 2162, 2180, 3910, 2184, 2421, 2686, 2336, 3425, 2152, 2222, 2607, 3023, 3986, 1396, 2262, 2135, 2806, 3094, 3386, 29, 2399]","[2017, 2178, 1350, 2252, 2162, 2180, 3910, 2184, 2421, 2686, 2336, 3425, 2152, 2222, 2607, 3023, 3986, 1396, 2262, 2135, 2806, 3094, 3386, 29, 2399, 1667, 133, 2824, 2829, 143, 18, 671, 2465, 1847, 3133, 3902, 3396, 1871, 4178, 3923, 4569, 2144, 2916, 4197, 2406, 3047, 4326, 365, 2414, 1919]","[2017, 2178, 1350, 2252, 2162, 2180, 3910, 2184, 2421, 2686, 2336, 3425, 2152, 2222, 2607, 3023, 3986, 1396, 2262, 2135, 2806, 3094, 3386, 29, 2399, 1667, 133, 2824, 2829, 143, 18, 671, 2465, 1847, 3133, 3902, 3396, 1871, 4178, 3923, 4569, 2144, 2916, 4197, 2406, 3047, 4326, 365, 2414, 1919, 3209, 2186, 2826, 3338, 3346, 532, 2324, 2070, 2840, 25, 1179, 3483, 2591, 2080, 4135, 4265, 1194, 943, 5168, 1203, 3894, 441, 4544, 4928, 3010, 2630, 968, 3913, 3530, 4940, 5068, 979, 3028, 3029, 3157, 4055, 2265, 4442, 4828, 4575, 5215, 3179, 4204, 1648, 4594, 627, 118, 3320, 4989, 5119]"
Iowa,"[32, 2401, 2497, 1786, 543]","[32, 2401, 2497, 1786, 543, 514, 68, 511, 397, 1439]","[32, 2401, 2497, 1786, 543, 514, 68, 511, 397, 1439, 1440, 225, 516, 1477, 102, 1063, 1064, 1449, 2139, 1457, 2130, 2616, 730, 474, 1723]","[32, 2401, 2497, 1786, 543, 514, 68, 511, 397, 1439, 1440, 225, 516, 1477, 102, 1063, 1064, 1449, 2139, 1457, 2130, 2616, 730, 474, 1723, 1796, 2315, 2574, 1807, 1810, 1530, 2067, 2332, 1060, 2481, 1330, 1459, 1335, 1727, 2498, 455, 716, 460, 619, 1771, 750, 1650, 1651, 1781, 1658]","[32, 2401, 2497, 1786, 543, 514, 68, 511, 397, 1439, 1440, 225, 516, 1477, 102, 1063, 1064, 1449, 2139, 1457, 2130, 2616, 730, 474, 1723, 1796, 2315, 2574, 1807, 1810, 1530, 2067, 2332, 1060, 2481, 1330, 1459, 1335, 1727, 2498, 455, 716, 460, 619, 1771, 750, 1650, 1651, 1781, 1658, 2179, 2437, 1670, 520, 906, 1419, 2582, 154, 1442, 553, 1583, 1714, 2099, 2612, 2614, 1465, 2618, 1339, 2363, 2365, 959, 63, 2623, 2625, 2371, 1988, 965, 1605, 2627, 2504, 1101, 847, 1872, 2645, 1751, 1753, 1884, 221, 2396, 99, 1507, 101, 2278, 2660, 237, 2415, 2546, 2677, 758, 2679]"
Kansas,"[1542, 2076, 461, 1843, 2204]","[1542, 2076, 461, 1843, 2204, 424, 400, 1333, 501, 1086]","[1542, 2076, 461, 1843, 2204, 424, 400, 1333, 501, 1086, 609, 1155, 229, 2043, 266, 459, 2221, 431, 371, 532, 503, 1241, 1242, 283, 2271]","[1542, 2076, 461, 1843, 2204, 424, 400, 1333, 501, 1086, 609, 1155, 229, 2043, 266, 459, 2221, 431, 371, 532, 503, 1241, 1242, 283, 2271, 2177, 1539, 2312, 2315, 2320, 19, 1056, 430, 1459, 1080, 64, 198, 1752, 89, 1759, 1760, 1122, 2279, 232, 2028, 2032, 2291, 1782, 2044, 1151]","[1542, 2076, 461, 1843, 2204, 424, 400, 1333, 501, 1086, 609, 1155, 229, 2043, 266, 459, 2221, 431, 371, 532, 503, 1241, 1242, 283, 2271, 2177, 1539, 2312, 2315, 2320, 19, 1056, 430, 1459, 1080, 64, 198, 1752, 89, 1759, 1760, 1122, 2279, 232, 2028, 2032, 2291, 1782, 2044, 1151, 1160, 1803, 1551, 144, 788, 1685, 535, 1178, 2202, 545, 420, 1709, 1838, 432, 434, 435, 1715, 2359, 2364, 1472, 453, 200, 458, 2251, 78, 847, 1233, 1874, 211, 2130, 2259, 344, 2137, 858, 1628, 1502, 226, 1764, 485, 2277, 2283, 1644, 366, 1774, 2286, 499, 1781, 1016, 2298, 510]"
Kentucky,"[2722, 326, 1259, 2475, 845]","[2722, 326, 1259, 2475, 845, 1186, 2473, 2743, 3070, 1503]","[2722, 326, 1259, 2475, 845, 1186, 2473, 2743, 3070, 1503, 288, 1154, 1602, 1253, 550, 1254, 585, 2830, 2351, 3343, 1555, 1907, 2294, 3094, 91]","[2722, 326, 1259, 2475, 845, 1186, 2473, 2743, 3070, 1503, 288, 1154, 1602, 1253, 550, 1254, 585, 2830, 2351, 3343, 1555, 1907, 2294, 3094, 91, 1545, 1930, 3213, 2578, 2709, 1184, 557, 190, 2110, 1225, 1609, 592, 2004, 89, 1500, 1244, 1633, 618, 2670, 1904, 1525, 758, 1014, 1016, 2038]","[2722, 326, 1259, 2475, 845, 1186, 2473, 2743, 3070, 1503, 288, 1154, 1602, 1253, 550, 1254, 585, 2830, 2351, 3343, 1555, 1907, 2294, 3094, 91, 1545, 1930, 3213, 2578, 2709, 1184, 557, 190, 2110, 1225, 1609, 592, 2004, 89, 1500, 1244, 1633, 618, 2670, 1904, 1525, 758, 1014, 1016, 2038, 0, 3329, 133, 389, 3466, 2584, 921, 1433, 923, 539, 1565, 2969, 2719, 679, 3239, 3500, 303, 1918, 947, 2098, 2101, 2103, 312, 2489, 3134, 324, 581, 3140, 3402, 2001, 594, 598, 726, 2519, 1497, 1245, 1501, 1502, 2400, 3043, 1258, 1386, 877, 1135, 3055, 371, 1268, 1910, 3193, 1022]"
Louisiana,"[1319, 2063, 3952, 3538, 3962]","[1319, 2063, 3952, 3538, 3962, 580, 1800, 1200, 818, 2098]","[1319, 2063, 3952, 3538, 3962, 580, 1800, 1200, 818, 2098, 1344, 3961, 4129, 1731, 3019, 4109, 3183, 2419, 2132, 4117, 3926, 1849, 3866, 539, 3358]","[1319, 2063, 3952, 3538, 3962, 580, 1800, 1200, 818, 2098, 1344, 3961, 4129, 1731, 3019, 4109, 3183, 2419, 2132, 4117, 3926, 1849, 3866, 539, 3358, 776, 1676, 1039, 1168, 1424, 1177, 4126, 292, 3884, 45, 53, 4158, 2239, 196, 3144, 2506, 3403, 204, 3155, 219, 1377, 612, 1639, 1517, 4094]","[1319, 2063, 3952, 3538, 3962, 580, 1800, 1200, 818, 2098, 1344, 3961, 4129, 1731, 3019, 4109, 3183, 2419, 2132, 4117, 3926, 1849, 3866, 539, 3358, 776, 1676, 1039, 1168, 1424, 1177, 4126, 292, 3884, 45, 53, 4158, 2239, 196, 3144, 2506, 3403, 204, 3155, 219, 1377, 612, 1639, 1517, 4094, 768, 1025, 3201, 4100, 3206, 2954, 2059, 3980, 4237, 2961, 2450, 787, 1555, 536, 31, 1314, 2083, 1700, 293, 1195, 3883, 2349, 1198, 2479, 3885, 3505, 1333, 1717, 823, 3771, 3192, 198, 584, 4170, 843, 3532, 1614, 3024, 3030, 3542, 1626, 1504, 2403, 3687, 616, 3179, 2412, 3314, 760, 3067]"
Maine,"[932, 849, 978, 985, 446]","[932, 849, 978, 985, 446, 105, 172, 1041, 923, 479]","[932, 849, 978, 985, 446, 105, 172, 1041, 923, 479, 833, 185, 903, 776, 109, 823, 175, 855, 976, 850, 1012, 853, 119, 121, 443]","[932, 849, 978, 985, 446, 105, 172, 1041, 923, 479, 833, 185, 903, 776, 109, 823, 175, 855, 976, 850, 1012, 853, 119, 121, 443, 904, 907, 141, 145, 412, 160, 420, 676, 681, 174, 821, 822, 824, 701, 832, 1095, 716, 468, 980, 989, 102, 103, 106, 372, 1016]","[932, 849, 978, 985, 446, 105, 172, 1041, 923, 479, 833, 185, 903, 776, 109, 823, 175, 855, 976, 850, 1012, 853, 119, 121, 443, 904, 907, 141, 145, 412, 160, 420, 676, 681, 174, 821, 822, 824, 701, 832, 1095, 716, 468, 980, 989, 102, 103, 106, 372, 1016, 769, 643, 899, 1159, 1032, 905, 1033, 781, 913, 916, 919, 667, 925, 927, 1055, 930, 419, 678, 935, 682, 171, 44, 556, 945, 50, 819, 949, 825, 953, 447, 831, 968, 464, 723, 857, 858, 987, 988, 991, 864, 868, 869, 996, 871, 1001, 1005, 501, 118, 504, 761]"
Maryland,"[3374, 1265, 146, 3378, 1437]","[3374, 1265, 146, 3378, 1437, 1249, 2925, 942, 1008, 2994]","[3374, 1265, 146, 3378, 1437, 1249, 2925, 942, 1008, 2994, 3362, 3303, 1449, 1867, 1836, 2700, 1134, 751, 849, 1010, 2963, 3031, 1559, 2652, 3934]","[3374, 1265, 146, 3378, 1437, 1249, 2925, 942, 1008, 2994, 3362, 3303, 1449, 1867, 1836, 2700, 1134, 751, 849, 1010, 2963, 3031, 1559, 2652, 3934, 2561, 2946, 2179, 3588, 773, 2693, 2955, 2205, 2345, 1581, 302, 3380, 3394, 1859, 3012, 1989, 3146, 3403, 1744, 3414, 2910, 2913, 2663, 1132, 3829]","[3374, 1265, 146, 3378, 1437, 1249, 2925, 942, 1008, 2994, 3362, 3303, 1449, 1867, 1836, 2700, 1134, 751, 849, 1010, 2963, 3031, 1559, 2652, 3934, 2561, 2946, 2179, 3588, 773, 2693, 2955, 2205, 2345, 1581, 302, 3380, 3394, 1859, 3012, 1989, 3146, 3403, 1744, 3414, 2910, 2913, 2663, 1132, 3829, 2944, 2, 1539, 2178, 2690, 3079, 1674, 2574, 400, 1553, 658, 2320, 3223, 3355, 3100, 1565, 34, 1573, 2854, 2087, 3370, 560, 1200, 1074, 2611, 1460, 3766, 2232, 3384, 960, 1473, 3140, 2635, 333, 2253, 3021, 3152, 2513, 3666, 597, 2943, 1113, 989, 358, 1261, 1656, 2682, 127, 3582, 1279]"
Massachusetts,"[2241, 4, 1381, 2281, 4593]","[2241, 4, 1381, 2281, 4593, 4706, 2371, 134, 1388, 1530]","[2241, 4, 1381, 2281, 4593, 4706, 2371, 134, 1388, 1530, 66, 4389, 4679, 4587, 4460, 525, 4747, 1330, 4756, 3669, 374, 4406, 636, 1885, 1151]","[2241, 4, 1381, 2281, 4593, 4706, 2371, 134, 1388, 1530, 66, 4389, 4679, 4587, 4460, 525, 4747, 1330, 4756, 3669, 374, 4406, 636, 1885, 1151, 2182, 397, 2845, 3231, 1578, 5038, 1327, 3637, 56, 4670, 4163, 4421, 1351, 1102, 88, 3677, 993, 98, 738, 1515, 621, 3823, 373, 3577, 3838]","[2241, 4, 1381, 2281, 4593, 4706, 2371, 134, 1388, 1530, 66, 4389, 4679, 4587, 4460, 525, 4747, 1330, 4756, 3669, 374, 4406, 636, 1885, 1151, 2182, 397, 2845, 3231, 1578, 5038, 1327, 3637, 56, 4670, 4163, 4421, 1351, 1102, 88, 3677, 993, 98, 738, 1515, 621, 3823, 373, 3577, 3838, 515, 1795, 4497, 659, 915, 1051, 4638, 2466, 548, 3366, 4263, 4392, 3759, 50, 4274, 1588, 4276, 1590, 4663, 312, 953, 4793, 3131, 4917, 61, 2368, 2625, 1861, 842, 1740, 79, 338, 1490, 3795, 3922, 4818, 4820, 3803, 221, 865, 1382, 4459, 748, 1389, 1516, 4853, 503, 3449, 892, 383]"
Michigan,"[2848, 6950, 6810, 6174, 383]","[2848, 6950, 6810, 6174, 383, 4005, 5766, 5046, 6680, 6652]","[2848, 6950, 6810, 6174, 383, 4005, 5766, 5046, 6680, 6652, 3840, 801, 1512, 5896, 1354, 7977, 495, 1339, 6769, 6961, 5684, 6330, 379, 3997, 7039]","[2848, 6950, 6810, 6174, 383, 4005, 5766, 5046, 6680, 6652, 3840, 801, 1512, 5896, 1354, 7977, 495, 1339, 6769, 6961, 5684, 6330, 379, 3997, 7039, 6, 6152, 6541, 785, 539, 5023, 803, 5548, 4791, 3511, 1978, 1468, 1213, 5566, 6982, 5831, 4822, 473, 3802, 5466, 1759, 611, 2019, 6504, 1650]","[2848, 6950, 6810, 6174, 383, 4005, 5766, 5046, 6680, 6652, 3840, 801, 1512, 5896, 1354, 7977, 495, 1339, 6769, 6961, 5684, 6330, 379, 3997, 7039, 6, 6152, 6541, 785, 539, 5023, 803, 5548, 4791, 3511, 1978, 1468, 1213, 5566, 6982, 5831, 4822, 473, 3802, 5466, 1759, 611, 2019, 6504, 1650, 1153, 5241, 5507, 7681, 5130, 6158, 7567, 2073, 5145, 7068, 1440, 5024, 7586, 2851, 2212, 5155, 3370, 1071, 1967, 2352, 2735, 5808, 948, 6963, 7861, 5047, 569, 6203, 4796, 8001, 1220, 6856, 6479, 7120, 1490, 4435, 5976, 7643, 1502, 6753, 3172, 871, 1256, 1639, 3690, 8040, 6259, 2553, 764, 3839]"
Minnesota,"[356, 709, 3846, 4201, 1951]","[356, 709, 3846, 4201, 1951, 2689, 3820, 1902, 2395, 1183]","[356, 709, 3846, 4201, 1951, 2689, 3820, 1902, 2395, 1183, 2820, 357, 1189, 391, 9, 2538, 4523, 588, 4624, 4212, 1431, 3160, 2427, 3646, 255]","[356, 709, 3846, 4201, 1951, 2689, 3820, 1902, 2395, 1183, 2820, 357, 1189, 391, 9, 2538, 4523, 588, 4624, 4212, 1431, 3160, 2427, 3646, 255, 1415, 3847, 3337, 3604, 2844, 1950, 3109, 3754, 177, 2738, 2870, 959, 320, 705, 319, 3013, 2685, 3404, 858, 2529, 489, 620, 4219, 3324, 2941]","[356, 709, 3846, 4201, 1951, 2689, 3820, 1902, 2395, 1183, 2820, 357, 1189, 391, 9, 2538, 4523, 588, 4624, 4212, 1431, 3160, 2427, 3646, 255, 1415, 3847, 3337, 3604, 2844, 1950, 3109, 3754, 177, 2738, 2870, 959, 320, 705, 319, 3013, 2685, 3404, 858, 2529, 489, 620, 4219, 3324, 2941, 2690, 3843, 5, 3723, 13, 1167, 2324, 4244, 1686, 924, 2077, 2975, 3233, 3753, 1195, 3886, 3760, 1330, 3762, 692, 2617, 698, 315, 2490, 2621, 3007, 4159, 3009, 3066, 196, 2120, 586, 715, 2507, 2508, 594, 2516, 4565, 3158, 4182, 2394, 355, 2532, 3556, 3308, 749, 1393, 1401, 2810, 3070]"
Mississippi,"[2127, 1231, 115, 340, 2166]","[2127, 1231, 115, 340, 2166, 2019, 2436, 1860, 2412, 110]","[2127, 1231, 115, 340, 2166, 2019, 2436, 1860, 2412, 110, 1728, 65, 2, 1635, 1795, 1858, 134, 1923, 1064, 2401, 1100, 2161, 1042, 1341, 1022]","[2127, 1231, 115, 340, 2166, 2019, 2436, 1860, 2412, 110, 1728, 65, 2, 1635, 1795, 1858, 134, 1923, 1064, 2401, 1100, 2161, 1042, 1341, 1022, 513, 2050, 1033, 1801, 1681, 1170, 1175, 2071, 2201, 2074, 1181, 160, 433, 441, 2362, 61, 2377, 468, 1621, 1238, 1888, 1260, 1644, 2419, 1016]","[2127, 1231, 115, 340, 2166, 2019, 2436, 1860, 2412, 110, 1728, 65, 2, 1635, 1795, 1858, 134, 1923, 1064, 2401, 1100, 2161, 1042, 1341, 1022, 513, 2050, 1033, 1801, 1681, 1170, 1175, 2071, 2201, 2074, 1181, 160, 433, 441, 2362, 61, 2377, 468, 1621, 1238, 1888, 1260, 1644, 2419, 1016, 1, 1026, 645, 2184, 1164, 1934, 15, 911, 273, 402, 1048, 26, 155, 1052, 1824, 1829, 2087, 553, 47, 434, 949, 2102, 1084, 63, 704, 1859, 1348, 1737, 1612, 77, 1102, 1743, 81, 2001, 2259, 2388, 1622, 474, 1627, 92, 989, 862, 1893, 1132, 1775, 2416, 1140, 629, 504, 1785]"
Missouri,"[1024, 1857, 3207, 1865, 3199]","[1024, 1857, 3207, 1865, 3199, 4512, 1057, 453, 3537, 3289]","[1024, 1857, 3207, 1865, 3199, 4512, 1057, 453, 3537, 3289, 1600, 4579, 133, 72, 1449, 2667, 2703, 4560, 1498, 2482, 3538, 4627, 1013, 3610, 1596]","[1024, 1857, 3207, 1865, 3199, 4512, 1057, 453, 3537, 3289, 1600, 4579, 133, 72, 1449, 2667, 2703, 4560, 1498, 2482, 3538, 4627, 1013, 3610, 1596, 2446, 535, 1816, 4634, 4382, 4383, 1573, 2089, 1074, 2098, 68, 326, 1742, 3664, 83, 4437, 1506, 3300, 3686, 1768, 2796, 2803, 2932, 763, 1021]","[1024, 1857, 3207, 1865, 3199, 4512, 1057, 453, 3537, 3289, 1600, 4579, 133, 72, 1449, 2667, 2703, 4560, 1498, 2482, 3538, 4627, 1013, 3610, 1596, 2446, 535, 1816, 4634, 4382, 4383, 1573, 2089, 1074, 2098, 68, 326, 1742, 3664, 83, 4437, 1506, 3300, 3686, 1768, 2796, 2803, 2932, 763, 1021, 2818, 3204, 2949, 391, 135, 523, 3214, 405, 2711, 1182, 4511, 544, 4639, 4514, 1060, 1829, 1062, 4517, 40, 3245, 4653, 687, 1072, 2096, 2100, 3770, 1597, 1854, 3774, 2242, 73, 457, 1099, 716, 4685, 4562, 468, 4566, 2264, 3288, 1630, 3679, 4576, 2659, 1893, 2153, 3948, 1392, 3956, 632]"
Montana,"[346, 19, 342, 26, 126]","[346, 19, 342, 26, 126, 678, 682, 16, 344, 476]","[346, 19, 342, 26, 126, 678, 682, 16, 344, 476, 260, 167, 585, 779, 108, 620, 14, 239, 622, 685, 18, 689, 501, 24, 350]","[346, 19, 342, 26, 126, 678, 682, 16, 344, 476, 260, 167, 585, 779, 108, 620, 14, 239, 622, 685, 18, 689, 501, 24, 350, 786, 404, 664, 25, 411, 677, 44, 684, 178, 698, 700, 63, 706, 588, 594, 343, 345, 479, 352, 624, 498, 754, 762, 380, 253]","[346, 19, 342, 26, 126, 678, 682, 16, 344, 476, 260, 167, 585, 779, 108, 620, 14, 239, 622, 685, 18, 689, 501, 24, 350, 786, 404, 664, 25, 411, 677, 44, 684, 178, 698, 700, 63, 706, 588, 594, 343, 345, 479, 352, 624, 498, 754, 762, 380, 253, 0, 1, 772, 261, 645, 773, 774, 141, 782, 17, 401, 275, 20, 409, 665, 666, 412, 33, 165, 168, 43, 45, 179, 691, 692, 693, 572, 704, 589, 464, 337, 465, 592, 598, 355, 483, 485, 612, 489, 490, 493, 111, 370, 756, 502, 634, 760, 122, 381, 383]"
Nebraska,"[38, 231, 398, 883, 147]","[38, 231, 398, 883, 147, 455, 371, 150, 1337, 828]","[38, 231, 398, 883, 147, 455, 371, 150, 1337, 828, 36, 933, 1575, 233, 205, 784, 880, 1554, 180, 821, 1269, 248, 539, 347, 1595]","[38, 231, 398, 883, 147, 455, 371, 150, 1337, 828, 36, 933, 1575, 233, 205, 784, 880, 1554, 180, 821, 1269, 248, 539, 347, 1595, 272, 787, 1171, 410, 940, 1580, 1206, 951, 1207, 569, 57, 186, 188, 957, 197, 1357, 206, 1230, 209, 349, 94, 352, 1636, 237, 375]","[38, 231, 398, 883, 147, 455, 371, 150, 1337, 828, 36, 933, 1575, 233, 205, 784, 880, 1554, 180, 821, 1269, 248, 539, 347, 1595, 272, 787, 1171, 410, 940, 1580, 1206, 951, 1207, 569, 57, 186, 188, 957, 197, 1357, 206, 1230, 209, 349, 94, 352, 1636, 237, 375, 1283, 774, 902, 906, 780, 788, 533, 25, 26, 1177, 288, 289, 290, 801, 1315, 293, 40, 48, 436, 1332, 566, 440, 1208, 58, 190, 319, 833, 325, 966, 1350, 201, 1353, 332, 335, 1231, 1360, 594, 213, 859, 604, 222, 351, 354, 358, 1257, 1265, 1266, 884, 886, 1019]"
Nevada,"[1472, 1639, 1582, 1140, 1663]","[1472, 1639, 1582, 1140, 1663, 1633, 1480, 1417, 1738, 1840]","[1472, 1639, 1582, 1140, 1663, 1633, 1480, 1417, 1738, 1840, 1153, 1825, 1411, 250, 1450, 1388, 1485, 1675, 879, 1726, 1783, 474, 1884, 1501, 1406]","[1472, 1639, 1582, 1140, 1663, 1633, 1480, 1417, 1738, 1840, 1153, 1825, 1411, 250, 1450, 1388, 1485, 1675, 879, 1726, 1783, 474, 1884, 1501, 1406, 1408, 1542, 1167, 914, 1433, 26, 1823, 1571, 1316, 1827, 40, 1705, 818, 957, 1479, 1484, 846, 1486, 1743, 1106, 1370, 1886, 1759, 1510, 1401]","[1472, 1639, 1582, 1140, 1663, 1633, 1480, 1417, 1738, 1840, 1153, 1825, 1411, 250, 1450, 1388, 1485, 1675, 879, 1726, 1783, 474, 1884, 1501, 1406, 1408, 1542, 1167, 914, 1433, 26, 1823, 1571, 1316, 1827, 40, 1705, 818, 957, 1479, 1484, 846, 1486, 1743, 1106, 1370, 1886, 1759, 1510, 1401, 1538, 648, 1289, 1418, 1672, 14, 783, 659, 1430, 920, 1561, 1434, 1564, 1820, 290, 1314, 548, 941, 1710, 947, 437, 1589, 314, 1468, 1852, 65, 1091, 1475, 72, 1608, 1482, 720, 1491, 217, 1114, 91, 1499, 1755, 222, 992, 1504, 867, 1892, 492, 752, 114, 1781, 1655, 1786, 1403]"
New Hampshire,"[420, 361, 176, 509, 31]","[420, 361, 176, 509, 31, 961, 166, 684, 918, 766]","[420, 361, 176, 509, 31, 961, 166, 684, 918, 766, 322, 344, 450, 264, 171, 235, 511, 51, 244, 184, 761, 90, 221, 446, 63]","[420, 361, 176, 509, 31, 961, 166, 684, 918, 766, 322, 344, 450, 264, 171, 235, 511, 51, 244, 184, 761, 90, 221, 446, 63, 777, 782, 912, 922, 799, 289, 806, 177, 307, 442, 196, 78, 594, 211, 340, 982, 857, 218, 477, 871, 108, 368, 252, 884, 764]","[420, 361, 176, 509, 31, 961, 166, 684, 918, 766, 322, 344, 450, 264, 171, 235, 511, 51, 244, 184, 761, 90, 221, 446, 63, 777, 782, 912, 922, 799, 289, 806, 177, 307, 442, 196, 78, 594, 211, 340, 982, 857, 218, 477, 871, 108, 368, 252, 884, 764, 128, 260, 644, 266, 139, 268, 394, 916, 666, 283, 539, 161, 802, 550, 167, 686, 54, 55, 189, 190, 701, 192, 705, 325, 203, 332, 205, 462, 79, 848, 209, 849, 83, 341, 858, 606, 483, 612, 613, 762, 873, 236, 751, 885, 759, 250, 123, 508, 381, 510]"
New Jersey,"[4384, 5251, 3181, 1653, 5275]","[4384, 5251, 3181, 1653, 5275, 5191, 5001, 1391, 4954, 1756]","[4384, 5251, 3181, 1653, 5275, 5191, 5001, 1391, 4954, 1756, 2339, 165, 1703, 4008, 3913, 5128, 5180, 5263, 5047, 5269, 1687, 2937, 5564, 4923, 4284]","[4384, 5251, 3181, 1653, 5275, 5191, 5001, 1391, 4954, 1756, 2339, 165, 1703, 4008, 3913, 5128, 5180, 5263, 5047, 5269, 1687, 2937, 5564, 4923, 4284, 4739, 1286, 5255, 5768, 1675, 5005, 1682, 5270, 1818, 1694, 4896, 5154, 1193, 5548, 1198, 180, 4292, 3663, 5074, 4820, 1749, 5589, 5101, 1267, 4350]","[4384, 5251, 3181, 1653, 5275, 5191, 5001, 1391, 4954, 1756, 2339, 165, 1703, 4008, 3913, 5128, 5180, 5263, 5047, 5269, 1687, 2937, 5564, 4923, 4284, 4739, 1286, 5255, 5768, 1675, 5005, 1682, 5270, 1818, 1694, 4896, 5154, 1193, 5548, 1198, 180, 4292, 3663, 5074, 4820, 1749, 5589, 5101, 1267, 4350, 5762, 5256, 1804, 5136, 5266, 4371, 1684, 533, 1685, 4372, 537, 30, 1951, 1825, 1058, 676, 2725, 5284, 4521, 2602, 1710, 47, 5038, 1073, 4658, 3510, 4662, 5176, 4283, 5055, 1857, 1985, 4289, 1734, 1609, 5706, 75, 587, 5207, 1752, 3034, 1755, 6238, 1505, 2536, 5226, 4076, 4088, 5242, 1662]"
New Mexico,"[960, 460, 787, 1081, 1212]","[960, 460, 787, 1081, 1212, 1218, 902, 1322, 461, 463]","[960, 460, 787, 1081, 1212, 1218, 902, 1322, 461, 463, 1024, 1313, 901, 965, 1062, 1095, 1096, 459, 1324, 878, 535, 728, 1023, 1342, 991]","[960, 460, 787, 1081, 1212, 1218, 902, 1322, 461, 463, 1024, 1313, 901, 965, 1062, 1095, 1096, 459, 1324, 878, 535, 728, 1023, 1342, 991, 518, 1295, 790, 1181, 1317, 1319, 554, 1073, 1082, 698, 829, 1343, 451, 1094, 1483, 1356, 1485, 1486, 591, 1490, 980, 990, 1120, 1016, 761]","[960, 460, 787, 1081, 1212, 1218, 902, 1322, 461, 463, 1024, 1313, 901, 965, 1062, 1095, 1096, 459, 1324, 878, 535, 728, 1023, 1342, 991, 518, 1295, 790, 1181, 1317, 1319, 554, 1073, 1082, 698, 829, 1343, 451, 1094, 1483, 1356, 1485, 1486, 591, 1490, 980, 990, 1120, 1016, 761, 512, 896, 900, 1544, 521, 1021, 1429, 1480, 1308, 1564, 1312, 1058, 1314, 550, 807, 424, 1320, 1534, 1325, 1454, 1202, 950, 956, 1345, 835, 836, 1350, 1224, 1225, 1226, 1352, 972, 589, 462, 975, 1355, 977, 1484, 1238, 347, 987, 1244, 748, 1517, 1262, 1010, 1140, 1020, 893, 510]"
New York,"[6561, 1859, 1638, 12717, 12751]","[6561, 1859, 1638, 12717, 12751, 13158, 12551, 12715, 1517, 14224]","[6561, 1859, 1638, 12717, 12751, 13158, 12551, 12715, 1517, 14224, 12736, 13218, 6567, 6569, 12716, 12780, 5872, 15601, 15602, 11318, 9368, 14809, 10042, 15611, 12956]","[6561, 1859, 1638, 12717, 12751, 13158, 12551, 12715, 1517, 14224, 12736, 13218, 6567, 6569, 12716, 12780, 5872, 15601, 15602, 11318, 9368, 14809, 10042, 15611, 12956, 15618, 1670, 3592, 9736, 14583, 14238, 12710, 12966, 13101, 14384, 10045, 14915, 3273, 3403, 1870, 12755, 13139, 14420, 12759, 9047, 14302, 13671, 13297, 14199, 248]","[6561, 1859, 1638, 12717, 12751, 13158, 12551, 12715, 1517, 14224, 12736, 13218, 6567, 6569, 12716, 12780, 5872, 15601, 15602, 11318, 9368, 14809, 10042, 15611, 12956, 15618, 1670, 3592, 9736, 14583, 14238, 12710, 12966, 13101, 14384, 10045, 14915, 3273, 3403, 1870, 12755, 13139, 14420, 12759, 9047, 14302, 13671, 13297, 14199, 248, 3588, 10628, 12678, 14340, 6536, 15237, 6922, 13326, 3474, 3222, 9880, 3610, 285, 12957, 12449, 13090, 14247, 12457, 6195, 9909, 3383, 9530, 9147, 3647, 1605, 1990, 2892, 9040, 3410, 9684, 2517, 14296, 3294, 3424, 14818, 5860, 14181, 3431, 6121, 2282, 14314, 15082, 13805, 12782, 1520, 2800, 2163, 6515, 12662, 2424]"
North Carolina,"[4737, 326, 237, 252, 382]","[4737, 326, 237, 252, 382, 2982, 6858, 364, 2032, 342]","[4737, 326, 237, 252, 382, 2982, 6858, 364, 2032, 342, 1920, 547, 2566, 1863, 4749, 2031, 6991, 2545, 1842, 6897, 3157, 6615, 5912, 3226, 2141]","[4737, 326, 237, 252, 382, 2982, 6858, 364, 2032, 342, 1920, 547, 2566, 1863, 4749, 2031, 6991, 2545, 1842, 6897, 3157, 6615, 5912, 3226, 2141, 385, 5638, 269, 404, 5780, 5783, 6682, 291, 1449, 5813, 186, 1725, 4927, 5059, 5719, 6364, 5087, 5731, 5991, 1257, 6633, 4083, 6137, 4222, 895]","[4737, 326, 237, 252, 382, 2982, 6858, 364, 2032, 342, 1920, 547, 2566, 1863, 4749, 2031, 6991, 2545, 1842, 6897, 3157, 6615, 5912, 3226, 2141, 385, 5638, 269, 404, 5780, 5783, 6682, 291, 1449, 5813, 186, 1725, 4927, 5059, 5719, 6364, 5087, 5731, 5991, 1257, 6633, 4083, 6137, 4222, 895, 513, 397, 1049, 5019, 415, 5023, 6051, 1192, 2990, 2993, 3634, 5683, 1460, 309, 2102, 2229, 1208, 1976, 954, 6143, 2113, 1090, 1730, 1731, 2369, 3401, 844, 4557, 4816, 5076, 4312, 217, 3551, 5088, 226, 740, 2916, 4324, 1511, 4711, 4838, 362, 4462, 1651, 2291, 5496, 3067, 765, 5374, 1535]"
North Dakota,"[450, 388, 14, 466, 467]","[450, 388, 14, 466, 467, 324, 15, 17, 465, 350]","[450, 388, 14, 466, 467, 324, 15, 17, 465, 350, 448, 387, 452, 453, 267, 236, 491, 16, 18, 338, 279, 312, 345, 347, 382]","[450, 388, 14, 466, 467, 324, 15, 17, 465, 350, 448, 387, 452, 453, 267, 236, 491, 16, 18, 338, 279, 312, 345, 347, 382, 0, 128, 386, 516, 522, 398, 402, 19, 152, 544, 418, 546, 440, 56, 57, 316, 449, 323, 454, 335, 468, 356, 244, 502, 125]","[450, 388, 14, 466, 467, 324, 15, 17, 465, 350, 448, 387, 452, 453, 267, 236, 491, 16, 18, 338, 279, 312, 345, 347, 382, 0, 128, 386, 516, 522, 398, 402, 19, 152, 544, 418, 546, 440, 56, 57, 316, 449, 323, 454, 335, 468, 356, 244, 502, 125, 384, 261, 521, 12, 396, 148, 22, 535, 25, 411, 29, 33, 421, 424, 300, 302, 430, 434, 315, 319, 447, 321, 66, 581, 328, 456, 330, 331, 457, 460, 334, 590, 592, 341, 469, 470, 600, 604, 349, 95, 97, 481, 355, 230, 363, 109, 499, 501, 120, 505]"
Ohio,"[2050, 7243, 5067, 5744, 6202]","[2050, 7243, 5067, 5744, 6202, 9223, 4777, 7659, 7472, 3761]","[2050, 7243, 5067, 5744, 6202, 9223, 4777, 7659, 7472, 3761, 9221, 1158, 4774, 5670, 4841, 5958, 8365, 6128, 2769, 5779, 6556, 3964, 2269, 702, 3327]","[2050, 7243, 5067, 5744, 6202, 9223, 4777, 7659, 7472, 3761, 9221, 1158, 4774, 5670, 4841, 5958, 8365, 6128, 2769, 5779, 6556, 3964, 2269, 702, 3327, 5769, 4874, 7054, 6040, 413, 4894, 7851, 5042, 2358, 5431, 6714, 446, 8254, 3265, 2885, 3534, 721, 4177, 723, 2272, 6760, 3446, 1912, 8315, 5756]","[2050, 7243, 5067, 5744, 6202, 9223, 4777, 7659, 7472, 3761, 9221, 1158, 4774, 5670, 4841, 5958, 8365, 6128, 2769, 5779, 6556, 3964, 2269, 702, 3327, 5769, 4874, 7054, 6040, 413, 4894, 7851, 5042, 2358, 5431, 6714, 446, 8254, 3265, 2885, 3534, 721, 4177, 723, 2272, 6760, 3446, 1912, 8315, 5756, 2436, 1797, 7172, 8836, 2184, 1804, 4876, 6158, 784, 4113, 1811, 4764, 1949, 4893, 6430, 2596, 6569, 6196, 949, 4661, 7349, 5947, 1731, 7491, 6982, 8263, 6988, 4431, 4822, 4184, 5239, 9179, 6366, 609, 1761, 2276, 7654, 3431, 8422, 1770, 6764, 6382, 5487, 8944, 3569, 244, 3319, 120, 3579, 893]"
Oklahoma,"[35, 4, 1187, 2637, 176]","[35, 4, 1187, 2637, 176, 1408, 1220, 2473, 2639, 1243]","[35, 4, 1187, 2637, 176, 1408, 1220, 2473, 2639, 1243, 1537, 1538, 3297, 2471, 9, 1164, 1261, 1613, 1964, 16, 1521, 2644, 2198, 1820, 958]","[35, 4, 1187, 2637, 176, 1408, 1220, 2473, 2639, 1243, 1537, 1538, 3297, 2471, 9, 1164, 1261, 1613, 1964, 16, 1521, 2644, 2198, 1820, 958, 784, 2833, 1426, 285, 1571, 3117, 956, 829, 1222, 1608, 1102, 848, 1232, 1107, 3290, 1115, 1502, 1249, 1511, 1767, 113, 1525, 758, 1271, 767]","[35, 4, 1187, 2637, 176, 1408, 1220, 2473, 2639, 1243, 1537, 1538, 3297, 2471, 9, 1164, 1261, 1613, 1964, 16, 1521, 2644, 2198, 1820, 958, 784, 2833, 1426, 285, 1571, 3117, 956, 829, 1222, 1608, 1102, 848, 1232, 1107, 3290, 1115, 1502, 1249, 1511, 1767, 113, 1525, 758, 1271, 767, 0, 1536, 1287, 776, 1799, 1546, 1292, 781, 2574, 658, 2578, 790, 1174, 1686, 1052, 284, 2204, 2207, 930, 803, 549, 38, 2472, 2094, 2479, 1842, 3122, 2610, 3125, 572, 1219, 837, 3270, 1224, 1483, 336, 2643, 1623, 2650, 2653, 1254, 743, 108, 109, 3181, 499, 1268, 2295, 1274, 1535]"
Oregon,"[2432, 1678, 1007, 756, 2874]","[2432, 1678, 1007, 756, 2874, 2275, 2947, 15, 1078, 1500]","[2432, 1678, 1007, 756, 2874, 2275, 2947, 15, 1078, 1500, 512, 483, 740, 900, 198, 1605, 1668, 2244, 490, 1584, 465, 1585, 151, 2136, 923]","[2432, 1678, 1007, 756, 2874, 2275, 2947, 15, 1078, 1500, 512, 483, 740, 900, 198, 1605, 1668, 2244, 490, 1584, 465, 1585, 151, 2136, 923, 2695, 8, 1161, 2313, 532, 26, 1051, 924, 1312, 2854, 427, 684, 1077, 2873, 2239, 2120, 2378, 974, 2515, 864, 2656, 739, 2407, 1521, 510]","[2432, 1678, 1007, 756, 2874, 2275, 2947, 15, 1078, 1500, 512, 483, 740, 900, 198, 1605, 1668, 2244, 490, 1584, 465, 1585, 151, 2136, 923, 2695, 8, 1161, 2313, 532, 26, 1051, 924, 1312, 2854, 427, 684, 1077, 2873, 2239, 2120, 2378, 974, 2515, 864, 2656, 739, 2407, 1521, 510, 0, 1, 1153, 1281, 1667, 1670, 1031, 522, 2444, 1551, 2451, 2836, 1433, 539, 2460, 162, 1444, 936, 2347, 2351, 2229, 2488, 1088, 2813, 2122, 844, 2509, 1360, 1105, 1362, 341, 1109, 730, 1498, 349, 1501, 2399, 357, 741, 1002, 749, 1005, 495, 1519, 1009, 1010, 1011, 1016, 2810, 1021]"
Pennsylvania,"[5252, 4613, 3214, 2577, 4989]","[5252, 4613, 3214, 2577, 4989, 5281, 4974, 6098, 3443, 3642]","[5252, 4613, 3214, 2577, 4989, 5281, 4974, 6098, 3443, 3642, 3104, 4609, 4738, 7330, 7367, 6345, 3212, 3151, 2226, 8690, 5113, 2106, 3035, 5276, 3007]","[5252, 4613, 3214, 2577, 4989, 5281, 4974, 6098, 3443, 3642, 3104, 4609, 4738, 7330, 7367, 6345, 3212, 3151, 2226, 8690, 5113, 2106, 3035, 5276, 3007, 4355, 4612, 7307, 6299, 1435, 1051, 5154, 2470, 3120, 2488, 4417, 5315, 7364, 7366, 1864, 8393, 9167, 5585, 1118, 4710, 5222, 3432, 4713, 8940, 6129]","[5252, 4613, 3214, 2577, 4989, 5281, 4974, 6098, 3443, 3642, 3104, 4609, 4738, 7330, 7367, 6345, 3212, 3151, 2226, 8690, 5113, 2106, 3035, 5276, 3007, 4355, 4612, 7307, 6299, 1435, 1051, 5154, 2470, 3120, 2488, 4417, 5315, 7364, 7366, 1864, 8393, 9167, 5585, 1118, 4710, 5222, 3432, 4713, 8940, 6129, 4736, 5249, 2436, 3717, 5256, 13, 3213, 3853, 5264, 2579, 4637, 1822, 5278, 6308, 5925, 3113, 4656, 3377, 5809, 6706, 8753, 5304, 3641, 4540, 2364, 5182, 6206, 4672, 6335, 8510, 4806, 5959, 6471, 4425, 842, 9550, 6226, 3284, 6612, 9818, 2779, 3046, 6247, 6374, 9318, 8689, 2930, 8946, 4728, 1021]"
Rhode Island,"[385, 612, 552, 686, 415]","[385, 612, 552, 686, 415, 67, 292, 774, 489, 783]","[385, 612, 552, 686, 415, 67, 292, 774, 489, 783, 248, 193, 280, 326, 295, 267, 13, 47, 272, 499, 212, 22, 152, 90, 381]","[385, 612, 552, 686, 415, 67, 292, 774, 489, 783, 248, 193, 280, 326, 295, 267, 13, 47, 272, 499, 212, 22, 152, 90, 381, 128, 647, 266, 780, 782, 147, 148, 150, 165, 680, 690, 57, 701, 318, 709, 204, 718, 336, 218, 98, 617, 755, 117, 631, 378]","[385, 612, 552, 686, 415, 67, 292, 774, 489, 783, 248, 193, 280, 326, 295, 267, 13, 47, 272, 499, 212, 22, 152, 90, 381, 128, 647, 266, 780, 782, 147, 148, 150, 165, 680, 690, 57, 701, 318, 709, 204, 718, 336, 218, 98, 617, 755, 117, 631, 378, 386, 259, 518, 264, 9, 140, 653, 271, 275, 20, 407, 664, 283, 155, 285, 158, 673, 173, 301, 177, 433, 51, 435, 309, 447, 575, 194, 708, 325, 710, 327, 715, 207, 592, 594, 211, 341, 598, 599, 216, 89, 604, 361, 750, 243, 628, 501, 377, 762, 508]"
South Carolina,"[2337, 547, 73, 1230, 3162]","[2337, 547, 73, 1230, 3162, 1604, 1195, 306, 1912, 2175]","[2337, 547, 73, 1230, 3162, 1604, 1195, 306, 1912, 2175, 995, 388, 517, 2243, 970, 76, 2956, 624, 688, 18, 2833, 2896, 1429, 439, 927]","[2337, 547, 73, 1230, 3162, 1604, 1195, 306, 1912, 2175, 995, 388, 517, 2243, 970, 76, 2956, 624, 688, 18, 2833, 2896, 1429, 439, 927, 2696, 908, 275, 410, 282, 2336, 2081, 419, 2487, 1593, 1851, 958, 962, 2371, 837, 966, 1616, 2521, 2779, 732, 3172, 2152, 3055, 2938, 893]","[2337, 547, 73, 1230, 3162, 1604, 1195, 306, 1912, 2175, 995, 388, 517, 2243, 970, 76, 2956, 624, 688, 18, 2833, 2896, 1429, 439, 927, 2696, 908, 275, 410, 282, 2336, 2081, 419, 2487, 1593, 1851, 958, 962, 2371, 837, 966, 1616, 2521, 2779, 732, 3172, 2152, 3055, 2938, 893, 129, 3205, 1672, 2824, 1037, 3213, 143, 784, 1940, 2198, 791, 1944, 25, 2330, 1182, 798, 1187, 677, 1445, 2342, 2605, 1966, 1071, 2351, 2865, 690, 1587, 2098, 2682, 2110, 1088, 1602, 2115, 2242, 325, 713, 2383, 3151, 340, 986, 219, 1883, 1122, 870, 3180, 3191, 2936, 2298, 2940, 2173]"
South Dakota,"[194, 101, 527, 693, 21]","[194, 101, 527, 693, 21, 0, 193, 262, 525, 376]","[194, 101, 527, 693, 21, 0, 193, 262, 525, 376, 7, 104, 10, 106, 526, 607, 639, 529, 625, 597, 152, 377, 636, 93, 543]","[194, 101, 527, 693, 21, 0, 193, 262, 525, 376, 7, 104, 10, 106, 526, 607, 639, 529, 625, 597, 152, 377, 636, 93, 543, 522, 267, 528, 531, 405, 22, 23, 25, 157, 159, 425, 184, 209, 87, 601, 604, 95, 224, 229, 613, 617, 108, 634, 638, 383]","[194, 101, 527, 693, 21, 0, 193, 262, 525, 376, 7, 104, 10, 106, 526, 607, 639, 529, 625, 597, 152, 377, 636, 93, 543, 522, 267, 528, 531, 405, 22, 23, 25, 157, 159, 425, 184, 209, 87, 601, 604, 95, 224, 229, 613, 617, 108, 634, 638, 383, 641, 642, 259, 643, 261, 644, 263, 392, 11, 268, 397, 148, 277, 151, 535, 154, 155, 27, 668, 542, 296, 297, 298, 680, 182, 200, 203, 589, 593, 82, 85, 341, 342, 344, 599, 347, 605, 351, 226, 615, 105, 620, 621, 110, 238, 369, 116, 372, 373, 121]"
Tennessee,"[493, 1682, 2741, 3515, 1629]","[493, 1682, 2741, 3515, 1629, 1216, 3147, 3858, 762, 3803]","[493, 1682, 2741, 3515, 1629, 1216, 3147, 3858, 762, 3803, 1764, 1544, 2636, 657, 2385, 2770, 4216, 373, 2710, 3829, 2680, 4213, 988, 2782, 1599]","[493, 1682, 2741, 3515, 1629, 1216, 3147, 3858, 762, 3803, 1764, 1544, 2636, 657, 2385, 2770, 4216, 373, 2710, 3829, 2680, 4213, 988, 2782, 1599, 512, 4487, 2185, 3855, 662, 796, 3760, 4534, 60, 1222, 1735, 2632, 3402, 1611, 600, 3165, 1757, 3934, 610, 1635, 3434, 3179, 496, 1398, 3834]","[493, 1682, 2741, 3515, 1629, 1216, 3147, 3858, 762, 3803, 1764, 1544, 2636, 657, 2385, 2770, 4216, 373, 2710, 3829, 2680, 4213, 988, 2782, 1599, 512, 4487, 2185, 3855, 662, 796, 3760, 4534, 60, 1222, 1735, 2632, 3402, 1611, 600, 3165, 1757, 3934, 610, 1635, 3434, 3179, 496, 1398, 3834, 2304, 2946, 255, 1412, 4099, 3334, 2695, 4103, 265, 1801, 1934, 2318, 659, 3861, 4245, 791, 3095, 2970, 1821, 1826, 3235, 164, 1700, 3493, 1324, 3628, 3891, 3640, 961, 2242, 2303, 2373, 973, 3661, 978, 724, 3414, 2139, 2779, 990, 2916, 4325, 1638, 1644, 1646, 1654, 3831, 761, 3835, 1023]"
Texas,"[14400, 14532, 2202, 12315, 17437]","[14400, 14532, 2202, 12315, 17437, 5760, 7241, 16407, 14526, 17342]","[14400, 14532, 2202, 12315, 17437, 5760, 7241, 16407, 14526, 17342, 11584, 14689, 2726, 7465, 12492, 17870, 111, 17327, 17745, 1044, 13653, 2263, 14523, 11804, 2206]","[14400, 14532, 2202, 12315, 17437, 5760, 7241, 16407, 14526, 17342, 11584, 14689, 2726, 7465, 12492, 17870, 111, 17327, 17745, 1044, 13653, 2263, 14523, 11804, 2206, 10886, 1810, 7324, 13734, 16422, 681, 17326, 12466, 14130, 1717, 12469, 18487, 7614, 7230, 17344, 13004, 2793, 17385, 2284, 14828, 12017, 13041, 2035, 14709, 12281]","[14400, 14532, 2202, 12315, 17437, 5760, 7241, 16407, 14526, 17342, 11584, 14689, 2726, 7465, 12492, 17870, 111, 17327, 17745, 1044, 13653, 2263, 14523, 11804, 2206, 10886, 1810, 7324, 13734, 16422, 681, 17326, 12466, 14130, 1717, 12469, 18487, 7614, 7230, 17344, 13004, 2793, 17385, 2284, 14828, 12017, 13041, 2035, 14709, 12281, 2816, 2819, 10756, 14339, 7815, 7817, 14731, 14351, 12177, 2198, 2204, 14236, 160, 13729, 7075, 13736, 2218, 11946, 14000, 50, 7090, 10931, 11572, 1728, 12100, 1737, 7626, 12493, 11730, 12503, 10073, 5722, 3419, 347, 7388, 13660, 223, 14690, 5731, 14692, 230, 7661, 5743, 8433, 120, 3578, 13307, 7804, 1789, 13567]"
Utah,"[1154, 1156, 1161, 16, 1239]","[1154, 1156, 1161, 16, 1239, 1155, 1157, 390, 140, 1276]","[1154, 1156, 1161, 16, 1239, 1155, 1157, 390, 140, 1276, 417, 742, 456, 1835, 1900, 1918, 371, 1791, 1278, 441, 1851, 412, 1277, 382, 127]","[1154, 1156, 1161, 16, 1239, 1155, 1157, 390, 140, 1276, 417, 742, 456, 1835, 1900, 1918, 371, 1791, 1278, 441, 1851, 412, 1277, 382, 127, 1153, 1028, 1288, 521, 398, 1934, 1297, 1043, 1819, 418, 1447, 681, 1715, 1205, 73, 1744, 1879, 1753, 357, 361, 1006, 754, 1013, 1786, 1021]","[1154, 1156, 1161, 16, 1239, 1155, 1157, 390, 140, 1276, 417, 742, 456, 1835, 1900, 1918, 371, 1791, 1278, 441, 1851, 412, 1277, 382, 127, 1153, 1028, 1288, 521, 398, 1934, 1297, 1043, 1819, 418, 1447, 681, 1715, 1205, 73, 1744, 1879, 1753, 357, 361, 1006, 754, 1013, 1786, 1021, 0, 1922, 515, 1798, 519, 8, 1801, 1418, 1296, 1046, 1175, 1430, 1821, 1182, 32, 1188, 1446, 429, 1841, 1718, 1852, 960, 322, 962, 1739, 1100, 1867, 590, 974, 1742, 979, 1235, 981, 1498, 737, 1635, 1764, 360, 744, 746, 1131, 1132, 1133, 1134, 1512, 1896, 1777, 883, 374, 1784]"
Vermont,"[417, 38, 233, 206, 209]","[417, 38, 233, 206, 209, 321, 296, 88, 63, 415]","[417, 38, 233, 206, 209, 321, 296, 88, 63, 415, 320, 193, 66, 386, 453, 391, 234, 139, 330, 271, 304, 464, 341, 472, 252]","[417, 38, 233, 206, 209, 321, 296, 88, 63, 415, 320, 193, 66, 386, 453, 391, 234, 139, 330, 271, 304, 464, 341, 472, 252, 129, 516, 261, 135, 9, 523, 526, 15, 16, 534, 413, 36, 427, 303, 440, 314, 443, 322, 81, 340, 491, 501, 118, 250, 508]","[417, 38, 233, 206, 209, 321, 296, 88, 63, 415, 320, 193, 66, 386, 453, 391, 234, 139, 330, 271, 304, 464, 341, 472, 252, 129, 516, 261, 135, 9, 523, 526, 15, 16, 534, 413, 36, 427, 303, 440, 314, 443, 322, 81, 340, 491, 501, 118, 250, 508, 513, 387, 263, 392, 265, 10, 397, 528, 145, 273, 276, 22, 536, 25, 283, 157, 285, 414, 419, 299, 300, 429, 47, 305, 178, 51, 308, 186, 447, 192, 449, 450, 323, 324, 327, 328, 207, 465, 466, 211, 89, 226, 230, 105, 106, 497, 246, 122, 124, 511]"
Virginia,"[2339, 4675, 652, 622, 118]","[2339, 4675, 652, 622, 118, 2240, 677, 427, 1905, 4348]","[2339, 4675, 652, 622, 118, 2240, 677, 427, 1905, 4348, 673, 740, 4680, 3468, 5466, 2766, 559, 19, 3443, 3731, 2262, 2841, 2968, 25, 410]","[2339, 4675, 652, 622, 118, 2240, 677, 427, 1905, 4348, 673, 740, 4680, 3468, 5466, 2766, 559, 19, 3443, 3731, 2262, 2841, 2968, 25, 410, 3464, 1674, 139, 3725, 3476, 4500, 5018, 550, 5288, 5037, 4914, 3636, 1853, 2373, 1740, 3408, 4695, 1887, 2788, 2664, 4335, 496, 3444, 4340, 4342]","[2339, 4675, 652, 622, 118, 2240, 677, 427, 1905, 4348, 673, 740, 4680, 3468, 5466, 2766, 559, 19, 3443, 3731, 2262, 2841, 2968, 25, 410, 3464, 1674, 139, 3725, 3476, 4500, 5018, 550, 5288, 5037, 4914, 3636, 1853, 2373, 1740, 3408, 4695, 1887, 2788, 2664, 4335, 496, 3444, 4340, 4342, 3585, 2821, 904, 9, 4106, 524, 5262, 5266, 3732, 925, 4383, 3749, 168, 5758, 939, 172, 557, 2860, 5036, 3765, 694, 3255, 5307, 3773, 2879, 5312, 1730, 2116, 5829, 4169, 4553, 5321, 4687, 5200, 2395, 1890, 3043, 4322, 5347, 5475, 107, 3180, 623, 1776, 2671, 2292, 5882, 4091, 125, 638]"
Washington,"[130, 745, 2935, 794, 2941]","[130, 745, 2935, 794, 2941, 482, 4486, 2278, 3563, 748]","[130, 745, 2935, 794, 2941, 482, 4486, 2278, 3563, 748, 5218, 739, 4, 708, 6, 2789, 8, 3851, 111, 2863, 5209, 187, 189, 798, 3359]","[130, 745, 2935, 794, 2941, 482, 4486, 2278, 3563, 748, 5218, 739, 4, 708, 6, 2789, 8, 3851, 111, 2863, 5209, 187, 189, 798, 3359, 2944, 4743, 2954, 1942, 4510, 295, 2997, 2998, 826, 4922, 3134, 833, 2882, 836, 4169, 4694, 1880, 858, 860, 3680, 743, 615, 105, 876, 5232]","[130, 745, 2935, 794, 2941, 482, 4486, 2278, 3563, 748, 5218, 739, 4, 708, 6, 2789, 8, 3851, 111, 2863, 5209, 187, 189, 798, 3359, 2944, 4743, 2954, 1942, 4510, 295, 2997, 2998, 826, 4922, 3134, 833, 2882, 836, 4169, 4694, 1880, 858, 860, 3680, 743, 615, 105, 876, 5232, 768, 2946, 5259, 13, 910, 144, 531, 2964, 277, 3349, 3351, 155, 2850, 3362, 164, 292, 805, 5285, 3880, 169, 298, 684, 815, 306, 818, 819, 1850, 188, 828, 3648, 1986, 196, 198, 721, 857, 3552, 5216, 3684, 999, 2920, 4713, 749, 5231, 752, 4720, 1016, 889, 5242, 2043, 5245]"
West Virginia,"[359, 592, 120, 732, 286]","[359, 592, 120, 732, 286, 742, 330, 1494, 758, 1304]","[359, 592, 120, 732, 286, 742, 330, 1494, 758, 1304, 1536, 545, 546, 35, 483, 868, 646, 235, 1067, 1520, 787, 244, 631, 1017, 1308]","[359, 592, 120, 732, 286, 742, 330, 1494, 758, 1304, 1536, 545, 546, 35, 483, 868, 646, 235, 1067, 1520, 787, 244, 631, 1017, 1308, 1538, 1414, 649, 1419, 271, 24, 1448, 428, 174, 1587, 701, 1346, 721, 1361, 342, 855, 1499, 1376, 98, 228, 361, 1005, 1261, 1141, 1531]","[359, 592, 120, 732, 286, 742, 330, 1494, 758, 1304, 1536, 545, 546, 35, 483, 868, 646, 235, 1067, 1520, 787, 244, 631, 1017, 1308, 1538, 1414, 649, 1419, 271, 24, 1448, 428, 174, 1587, 701, 1346, 721, 1361, 342, 855, 1499, 1376, 98, 228, 361, 1005, 1261, 1141, 1531, 1272, 1280, 258, 1411, 772, 774, 394, 652, 909, 526, 143, 400, 17, 27, 1192, 1321, 300, 46, 1198, 1456, 1204, 311, 1080, 314, 700, 447, 320, 1219, 1475, 1224, 1230, 1487, 1360, 728, 863, 612, 101, 1509, 746, 1388, 750, 112, 1393, 1523, 629, 760, 122, 1148, 1533, 895]"
Wisconsin,"[1890, 997, 391, 3851, 1455]","[1890, 997, 391, 3851, 1455, 3441, 402, 2011, 2846, 3679]","[1890, 997, 391, 3851, 1455, 3441, 402, 2011, 2846, 3679, 3585, 2850, 1891, 1958, 7, 3686, 3849, 3434, 1195, 3853, 399, 1265, 3865, 1177, 3708]","[1890, 997, 391, 3851, 1455, 3441, 402, 2011, 2846, 3679, 3585, 2850, 1891, 1958, 7, 3686, 3849, 3434, 1195, 3853, 399, 1265, 3865, 1177, 3708, 386, 389, 134, 1414, 2953, 394, 15, 3855, 403, 1301, 23, 287, 44, 3375, 2486, 2620, 2494, 3262, 576, 962, 3703, 3302, 2039, 3705, 2431]","[1890, 997, 391, 3851, 1455, 3441, 402, 2011, 2846, 3679, 3585, 2850, 1891, 1958, 7, 3686, 3849, 3434, 1195, 3853, 399, 1265, 3865, 1177, 3708, 386, 389, 134, 1414, 2953, 394, 15, 3855, 403, 1301, 23, 287, 44, 3375, 2486, 2620, 2494, 3262, 576, 962, 3703, 3302, 2039, 3705, 2431, 4354, 3971, 521, 4234, 3724, 14, 1168, 3219, 3994, 156, 33, 4647, 2856, 2602, 2859, 1965, 3506, 3891, 2103, 4284, 957, 3519, 3266, 1991, 3273, 3274, 463, 85, 2902, 344, 2906, 1628, 3292, 2398, 3421, 4445, 3581, 1762, 3685, 2022, 1260, 1389, 3567, 3440, 3696, 1912, 2042, 2811, 2301, 895]"
Wyoming,"[114, 115, 120, 154, 123]","[114, 115, 120, 154, 123, 72, 78, 113, 116, 122]","[114, 115, 120, 154, 123, 72, 78, 113, 116, 122, 320, 322, 164, 357, 294, 137, 364, 109, 111, 112, 239, 371, 309, 118, 125]","[114, 115, 120, 154, 123, 72, 78, 113, 116, 122, 320, 322, 164, 357, 294, 137, 364, 109, 111, 112, 239, 371, 309, 118, 125, 258, 392, 403, 404, 406, 152, 28, 31, 32, 35, 168, 172, 431, 306, 444, 321, 66, 68, 452, 340, 93, 98, 369, 373, 247]","[114, 115, 120, 154, 123, 72, 78, 113, 116, 122, 320, 322, 164, 357, 294, 137, 364, 109, 111, 112, 239, 371, 309, 118, 125, 258, 392, 403, 404, 406, 152, 28, 31, 32, 35, 168, 172, 431, 306, 444, 321, 66, 68, 452, 340, 93, 98, 369, 373, 247, 391, 13, 16, 144, 148, 151, 407, 409, 26, 29, 30, 33, 161, 36, 292, 420, 43, 301, 430, 305, 308, 442, 190, 65, 325, 70, 71, 203, 76, 333, 207, 335, 83, 85, 345, 92, 94, 228, 101, 230, 231, 359, 361, 110, 366, 368, 117, 248, 380, 383]"
