State,County,Tract,GEOID,population,white_alone,black_alone,aian_alone,asian_alone,nhopi_alone,hispanic,below_poverty,no_health_ins,one_health_ins,two_health_ins,racial_majority
9,1,10101,9001010101,4192,89.19,3.77,0.31,3.82,0.0,2.31,2.91,0.17,74.38,19.01,white_alone
9,1,10102,9001010102,4419,87.8,0.45,0.0,2.9,0.0,4.14,0.86,0.09,83.87,16.04,white_alone
9,1,10201,9001010201,3429,83.64,0.55,0.0,4.55,0.0,10.35,5.31,0.0,80.78,14.79,white_alone
9,1,10202,9001010202,5660,74.49,0.34,0.16,9.1,0.0,7.31,5.79,1.52,87.05,11.43,white_alone
9,1,10300,9001010300,3880,86.96,2.42,0.0,4.46,0.0,4.2,1.88,0.98,79.43,19.43,white_alone
9,1,10400,9001010400,5846,83.82,5.32,0.0,5.18,0.0,5.06,4.74,5.85,79.37,14.78,white_alone
9,1,10500,9001010500,6469,58.2,4.48,0.0,6.51,0.0,27.75,10.81,11.67,76.86,11.33,white_alone
9,1,10600,9001010600,2012,66.95,3.78,1.09,12.87,0.0,7.9,15.89,4.08,77.73,17.94,white_alone
9,1,10700,9001010700,3257,65.77,10.99,0.0,6.54,0.0,15.44,8.41,3.29,74.09,22.63,white_alone
9,1,10800,9001010800,3056,81.25,0.0,0.0,5.6,0.0,11.32,5.94,3.04,82.2,14.46,white_alone
9,1,10900,9001010900,5387,60.83,1.08,0.52,20.16,0.0,14.85,2.84,4.27,82.92,12.81,white_alone
9,1,11000,9001011000,5638,78.49,0.04,0.0,6.4,0.0,8.42,1.9,1.63,84.27,14.1,white_alone
9,1,11100,9001011100,4810,76.15,0.15,0.21,7.75,0.0,12.95,5.78,1.27,84.7,14.03,white_alone
9,1,11200,9001011200,1895,68.34,0.0,0.0,4.17,0.0,17.63,1.95,0.47,86.7,12.82,white_alone
9,1,11300,9001011300,2764,39.22,3.4,0.33,4.41,0.0,50.04,8.94,13.57,79.99,6.44,hispanic
9,1,20101,9001020101,2418,44.83,16.42,0.0,21.38,0.0,15.43,12.03,13.03,68.49,18.49,other
9,1,20102,9001020102,3312,43.54,22.52,1.18,9.0,0.0,21.2,9.48,7.4,71.77,20.83,other
9,1,20200,9001020200,3946,80.33,4.08,0.0,7.15,0.0,5.52,3.75,1.55,78.41,20.05,white_alone
9,1,20301,9001020301,2870,71.64,1.95,0.24,2.47,0.0,18.47,0.0,1.25,84.32,14.43,white_alone
9,1,20302,9001020302,4412,77.31,4.96,0.0,7.18,0.0,8.98,10.05,2.15,79.76,15.07,white_alone
9,1,20400,9001020400,3534,68.76,2.83,0.0,10.95,0.0,16.64,2.77,1.16,86.22,12.62,white_alone
9,1,20500,9001020500,4836,81.76,3.93,0.97,4.03,0.64,6.47,1.48,1.82,74.5,20.57,white_alone
9,1,20600,9001020600,4768,61.26,8.24,0.0,11.09,0.0,13.34,0.38,7.47,77.12,15.42,white_alone
9,1,20700,9001020700,4098,80.72,1.81,1.98,3.83,0.0,10.32,3.1,5.2,77.21,17.59,white_alone
9,1,20800,9001020800,2589,77.4,1.78,0.0,8.57,0.0,9.27,1.22,4.44,78.76,16.8,white_alone
9,1,20900,9001020900,4605,55.85,7.88,0.0,6.73,0.0,28.71,9.22,9.21,82.15,8.64,white_alone
9,1,21000,9001021000,3413,65.84,13.01,0.0,5.74,0.0,11.57,7.14,4.39,81.75,13.86,white_alone
9,1,21100,9001021100,6779,42.47,13.9,0.0,7.7,0.0,32.79,8.07,15.18,70.42,14.4,other
9,1,21200,9001021200,4211,70.93,3.28,0.0,8.98,0.0,15.22,1.17,5.94,72.62,21.44,white_alone
9,1,21300,9001021300,4636,41.35,13.78,0.0,13.44,0.0,28.77,8.37,3.86,77.74,18.4,other
9,1,21401,9001021401,3199,10.63,19.19,0.0,12.6,0.0,57.58,14.71,17.35,78.46,3.88,hispanic
9,1,21402,9001021402,3904,31.02,30.05,0.0,9.86,0.0,29.07,14.85,13.6,68.06,17.67,other
9,1,21501,9001021501,4180,9.47,28.64,0.0,6.41,0.0,54.38,21.58,25.48,66.32,8.21,hispanic
9,1,21502,9001021502,2420,11.2,32.85,0.0,0.0,0.0,55.95,8.51,15.91,70.79,13.31,hispanic
9,1,21601,9001021601,3130,44.35,10.13,0.0,26.55,0.0,13.35,12.4,7.83,83.71,8.47,other
9,1,21602,9001021602,4405,34.51,18.64,0.0,23.77,0.0,21.11,8.76,4.13,81.61,14.26,other
9,1,21701,9001021701,3964,36.0,25.23,0.0,7.24,0.0,31.53,10.65,10.54,74.07,15.39,other
9,1,21702,9001021702,3752,47.31,13.99,0.0,22.84,0.0,15.19,20.31,1.31,89.95,8.74,other
9,1,21801,9001021801,4575,41.16,6.19,0.0,13.86,0.0,36.22,13.39,7.74,81.57,10.69,other
9,1,21802,9001021802,4925,33.56,11.29,0.0,7.9,0.0,47.25,9.35,17.02,70.23,9.64,other
9,1,21900,9001021900,6217,52.65,10.66,0.0,5.2,0.0,30.58,5.89,16.76,73.41,9.83,white_alone
9,1,22000,9001022000,3140,41.85,16.78,0.0,1.37,0.0,29.24,4.52,8.06,81.18,10.76,other
9,1,22101,9001022101,3162,17.96,8.25,0.0,7.21,0.0,63.28,21.71,23.37,66.48,6.83,hispanic
9,1,22102,9001022102,4743,42.27,17.37,0.0,0.0,0.0,40.35,4.38,13.37,73.06,13.58,other
9,1,22201,9001022201,2901,52.57,8.55,0.34,6.69,0.0,28.51,18.73,18.41,77.28,4.07,white_alone
9,1,22202,9001022202,3699,45.9,20.71,0.0,3.73,0.0,26.6,7.11,12.3,79.16,8.54,other
9,1,22300,9001022300,5184,17.44,31.08,0.0,2.8,0.0,46.89,24.5,12.69,74.07,13.23,other
9,1,22400,9001022400,2130,85.12,0.19,0.47,2.96,0.0,7.98,1.13,5.07,81.46,13.47,white_alone
9,1,30100,9001030100,3759,91.3,1.6,0.0,2.39,0.0,4.18,0.11,0.0,80.53,19.47,white_alone
9,1,30200,9001030200,3374,82.96,0.0,0.0,5.9,0.0,4.0,3.62,1.78,89.36,8.86,white_alone
9,1,30300,9001030300,4477,90.26,0.78,0.0,2.23,0.0,5.09,0.94,2.57,82.58,14.85,white_alone
9,1,30400,9001030400,4193,78.7,1.19,0.0,15.91,0.0,2.5,4.36,0.67,87.31,12.02,white_alone
9,1,30500,9001030500,5949,86.97,0.96,0.0,3.93,0.0,4.19,6.67,1.13,89.83,9.04,white_alone
9,1,35101,9001035101,4106,84.73,1.24,0.0,3.87,0.0,8.4,1.74,4.24,71.94,23.82,white_alone
9,1,35102,9001035102,3747,85.05,0.53,0.0,5.02,0.0,7.47,1.89,0.0,83.96,16.04,white_alone
9,1,35200,9001035200,3112,89.14,0.0,0.0,2.31,0.0,8.55,3.47,0.48,86.09,13.43,white_alone
9,1,35300,9001035300,3910,86.68,0.9,0.0,6.88,0.0,3.55,1.93,2.69,85.55,11.33,white_alone
9,1,35400,9001035400,5374,92.07,0.09,0.15,2.81,0.0,1.79,3.57,3.59,87.16,8.84,white_alone
9,1,42500,9001042500,3578,83.23,7.55,0.0,1.03,0.48,4.5,2.49,3.97,77.53,18.5,white_alone
9,1,42600,9001042600,4162,60.5,13.07,0.0,7.26,0.0,15.35,9.95,7.86,74.89,17.25,white_alone
9,1,42700,9001042700,5133,58.74,10.05,0.0,8.81,0.0,19.17,3.55,4.66,77.85,16.21,white_alone
9,1,42800,9001042800,4814,68.55,11.11,0.0,3.78,0.0,14.83,6.52,13.59,71.94,13.05,white_alone
9,1,42900,9001042900,1588,84.38,3.65,1.13,0.0,0.0,7.68,4.91,9.01,77.52,13.48,white_alone
9,1,43000,9001043000,2942,66.28,10.2,0.0,2.11,0.0,20.05,6.29,7.75,75.83,16.42,white_alone
9,1,43100,9001043100,4536,66.49,6.86,0.0,10.14,0.0,11.57,5.38,8.36,78.13,13.51,white_alone
9,1,43200,9001043200,3311,40.38,12.05,0.0,5.44,0.0,38.45,3.53,20.93,69.83,9.24,other
9,1,43300,9001043300,3001,38.09,17.99,0.0,11.86,0.0,26.09,3.93,10.6,79.37,10.03,other
9,1,43400,9001043400,4345,47.25,7.32,1.38,11.37,0.0,32.54,10.92,23.75,64.44,11.81,other
9,1,43500,9001043500,2513,55.47,6.92,0.36,1.87,0.0,34.66,4.74,22.72,69.12,8.16,white_alone
9,1,43600,9001043600,3112,66.71,8.32,0.0,8.8,0.0,12.72,4.85,8.55,71.18,20.28,white_alone
9,1,43700,9001043700,2759,36.17,21.17,0.18,8.77,0.0,30.45,16.54,14.28,78.11,6.49,other
9,1,43800,9001043800,7768,27.14,11.7,0.0,7.9,0.51,50.5,9.29,10.57,77.18,10.32,hispanic
9,1,43900,9001043900,6402,46.13,12.03,0.0,7.95,0.0,32.32,15.84,27.18,57.56,15.26,other
9,1,44000,9001044000,5465,29.39,15.81,0.09,1.39,0.0,46.0,18.06,17.07,74.97,7.96,other
9,1,44100,9001044100,2960,41.05,17.26,0.0,4.26,0.0,33.78,23.38,20.71,66.89,12.4,other
9,1,44200,9001044200,4123,55.86,6.38,0.0,4.2,0.95,32.62,9.51,13.49,77.15,9.36,white_alone
9,1,44300,9001044300,4383,66.12,9.15,0.0,1.69,0.0,20.85,3.31,10.08,76.61,13.3,white_alone
9,1,44400,9001044400,3521,36.04,26.87,0.0,0.51,0.0,36.55,13.35,21.93,66.97,11.1,other
9,1,44500,9001044500,4756,15.77,36.02,0.0,0.0,0.0,47.25,12.87,26.2,64.32,9.48,other
9,1,44600,9001044600,3583,91.52,0.31,0.0,1.56,0.0,4.24,2.3,5.33,83.62,11.05,white_alone
9,1,45101,9001045101,4018,82.33,0.0,0.0,7.59,0.0,3.04,1.79,0.42,90.59,8.74,white_alone
9,1,45102,9001045102,6027,81.52,0.45,0.0,7.02,0.0,3.42,4.69,1.44,87.67,10.88,white_alone
9,1,45200,9001045200,2751,84.59,2.44,0.0,5.6,0.0,5.05,0.85,1.27,84.01,9.67,white_alone
9,1,45300,9001045300,2460,78.98,0.93,0.0,10.28,0.0,3.29,2.02,2.2,83.37,12.85,white_alone
9,1,45400,9001045400,3149,78.37,1.75,0.0,13.81,0.0,3.65,0.25,0.0,85.14,14.86,white_alone
9,1,50100,9001050100,4498,92.02,0.0,0.0,3.4,0.0,1.93,3.46,2.76,80.88,16.36,white_alone
9,1,50200,9001050200,3836,81.07,0.6,0.44,8.76,0.0,5.47,2.04,2.35,84.57,12.98,white_alone
9,1,50301,9001050301,4132,82.55,0.02,0.0,3.48,0.0,9.44,4.36,0.77,88.48,10.62,white_alone
9,1,50302,9001050302,4415,88.34,0.02,0.0,5.55,0.0,3.53,1.78,1.54,82.79,15.06,white_alone
9,1,50400,9001050400,2448,85.29,1.63,0.0,7.97,0.37,1.88,2.82,1.23,80.39,13.36,white_alone
9,1,50500,9001050500,5352,79.91,3.96,0.82,5.9,0.0,2.71,5.49,1.61,87.11,11.29,white_alone
9,1,50600,9001050600,3494,73.81,0.83,0.0,2.58,0.0,20.92,3.27,1.66,81.65,16.69,white_alone
9,1,55100,9001055100,5676,80.69,1.92,0.44,5.6,0.0,4.86,2.85,2.17,82.58,15.26,white_alone
9,1,55200,9001055200,4602,84.49,3.02,0.0,3.19,0.0,5.11,3.11,3.46,85.94,10.6,white_alone
9,1,60100,9001060100,4169,78.1,6.24,0.19,2.04,0.0,11.9,3.25,2.54,67.93,19.33,white_alone
9,1,60200,9001060200,4583,84.75,0.92,0.0,2.51,0.0,8.58,2.42,4.69,73.62,21.69,white_alone
9,1,60300,9001060300,4089,93.84,0.0,0.0,3.57,0.0,1.54,0.81,2.57,79.02,18.42,white_alone
9,1,60400,9001060400,4646,93.82,0.13,0.0,1.81,0.0,2.88,0.84,0.28,86.74,12.98,white_alone
9,1,60500,9001060500,2974,87.76,1.34,0.0,7.57,0.0,2.45,0.94,0.13,84.1,12.04,white_alone
9,1,60600,9001060600,2196,87.57,2.78,0.0,1.18,0.0,5.83,8.15,2.0,83.29,14.71,white_alone
9,1,60700,9001060700,8087,87.83,2.86,0.0,1.72,0.0,6.23,1.23,2.44,84.73,10.8,white_alone
9,1,60800,9001060800,2103,87.73,1.19,0.0,2.38,0.0,5.94,3.8,0.71,82.17,16.74,white_alone
9,1,60900,9001060900,2770,86.14,1.99,0.0,5.31,0.0,2.56,1.41,0.9,83.65,15.45,white_alone
9,1,61000,9001061000,3807,77.04,2.13,0.0,6.8,0.0,10.74,6.36,6.96,74.42,18.62,white_alone
9,1,61100,9001061100,3840,92.71,0.39,0.0,2.21,0.0,3.65,3.04,3.44,83.67,12.89,white_alone
9,1,61200,9001061200,2503,63.68,1.36,0.0,17.18,0.0,15.02,15.38,10.23,76.79,12.98,white_alone
9,1,61300,9001061300,3023,74.96,0.43,0.0,8.9,0.0,12.27,9.96,9.49,80.58,9.92,white_alone
9,1,61400,9001061400,3223,54.73,4.25,0.0,14.4,0.0,23.18,7.66,7.42,80.27,12.32,white_alone
9,1,61500,9001061500,4596,83.68,1.31,0.0,1.46,0.0,8.64,7.37,3.89,86.29,9.81,white_alone
9,1,61600,9001061600,5345,93.02,0.0,0.0,1.74,0.0,3.87,14.22,0.62,85.56,13.83,white_alone
9,1,70100,9001070100,5003,72.22,3.72,0.0,2.58,0.0,12.41,6.6,9.97,76.87,13.15,white_alone
9,1,70200,9001070200,3829,28.15,38.68,0.0,1.15,0.0,30.95,24.03,11.36,76.97,11.67,other
9,1,70300,9001070300,1337,2.17,27.52,0.0,0.0,0.0,67.91,53.3,2.69,90.2,7.11,hispanic
9,1,70400,9001070400,1441,46.56,17.77,0.35,5.48,0.0,28.59,16.56,9.09,79.39,10.34,other
9,1,70500,9001070500,1858,21.26,25.4,0.0,5.01,0.0,46.5,51.24,9.47,79.6,10.93,other
9,1,70600,9001070600,2584,15.17,34.98,0.0,4.49,0.0,43.27,29.0,6.89,66.14,26.16,other
9,1,70900,9001070900,3047,3.61,32.82,0.0,3.05,0.0,59.27,45.04,11.68,71.45,14.87,hispanic
9,1,71000,9001071000,3480,5.14,35.57,0.0,3.39,0.0,50.75,23.74,22.87,68.42,8.71,hispanic
9,1,71100,9001071100,4595,7.05,34.1,0.0,5.7,0.0,52.08,22.79,12.97,77.74,8.68,hispanic
9,1,71200,9001071200,5426,8.2,35.16,0.0,12.75,0.0,42.87,37.0,9.88,78.16,11.96,other
9,1,71300,9001071300,2955,9.14,44.2,0.0,0.0,0.0,41.93,21.02,18.51,64.74,16.75,other
9,1,71400,9001071400,3605,13.68,22.44,1.8,0.42,0.0,57.0,36.2,24.38,68.46,7.16,hispanic
9,1,71600,9001071600,2690,7.43,36.47,0.0,0.0,0.0,54.61,54.28,17.84,78.85,3.31,hispanic
9,1,71900,9001071900,4912,19.73,33.14,0.0,0.96,0.0,40.04,23.97,14.84,61.28,8.39,other
9,1,72000,9001072000,3542,16.63,24.9,0.0,9.4,0.0,45.45,22.51,19.28,67.05,13.66,other
9,1,72100,9001072100,4887,37.67,21.81,0.0,7.84,0.0,31.57,17.45,8.45,73.54,18.01,other
9,1,72200,9001072200,3934,45.68,19.83,0.0,5.47,0.0,24.45,16.37,16.42,69.85,12.51,other
9,1,72300,9001072300,5266,34.79,25.67,0.0,3.25,0.0,33.54,17.91,6.51,77.23,13.29,other
9,1,72400,9001072400,3093,13.16,22.5,0.65,4.43,0.0,56.32,6.05,17.1,63.14,19.37,hispanic
9,1,72500,9001072500,5089,32.5,25.07,0.0,13.46,0.0,23.89,12.83,9.33,80.72,9.94,other
9,1,72600,9001072600,7685,51.48,24.65,0.04,7.25,0.0,15.98,10.3,6.95,76.33,14.68,white_alone
9,1,72700,9001072700,3827,29.21,34.99,2.48,1.49,0.0,28.69,8.02,10.87,69.01,20.12,other
9,1,72800,9001072800,5201,4.17,46.55,0.23,0.0,0.0,44.84,26.67,8.65,77.99,13.36,other
9,1,72900,9001072900,4767,10.57,51.42,0.29,2.52,0.0,33.59,14.96,7.2,82.36,10.45,black_alone
9,1,73000,9001073000,2036,21.17,30.4,0.39,1.87,0.0,45.63,8.1,13.16,76.47,10.36,other
9,1,73100,9001073100,4911,19.16,18.45,0.0,5.54,1.02,51.05,18.63,15.88,68.09,16.03,hispanic
9,1,73200,9001073200,4171,17.38,21.48,0.0,3.24,0.0,53.75,29.04,9.54,57.52,24.0,hispanic
9,1,73300,9001073300,3518,11.85,38.35,0.0,2.3,0.0,47.21,17.88,16.74,70.49,12.76,other
9,1,73400,9001073400,3571,5.24,41.64,0.0,0.34,0.0,50.97,7.66,21.39,67.38,11.23,hispanic
9,1,73500,9001073500,3699,1.95,32.39,0.0,0.0,0.0,62.58,29.49,15.09,78.51,6.41,hispanic
9,1,73600,9001073600,2178,5.42,18.78,0.0,2.53,0.0,71.49,29.53,21.63,74.33,4.04,hispanic
9,1,73700,9001073700,4401,11.38,40.76,0.05,0.52,0.0,46.22,27.59,11.77,69.87,14.47,other
9,1,73800,9001073800,2057,4.96,29.51,0.0,1.8,0.0,62.52,40.22,13.56,69.47,14.63,hispanic
9,1,73900,9001073900,4051,4.94,43.52,0.0,0.0,0.0,50.23,25.38,10.59,76.35,13.06,hispanic
9,1,74000,9001074000,2042,4.06,17.78,0.0,2.45,0.0,68.51,27.62,9.16,82.03,8.81,hispanic
9,1,74300,9001074300,5291,3.38,39.99,0.62,2.1,0.0,52.45,42.66,7.35,82.69,9.96,hispanic
9,1,74400,9001074400,4649,2.41,46.31,0.0,3.89,0.0,41.84,21.43,16.11,75.05,8.5,other
9,1,80100,9001080100,5390,28.4,28.91,0.0,8.65,0.98,30.71,16.46,5.77,78.83,15.4,other
9,1,80200,9001080200,4336,29.87,26.73,0.0,0.0,0.0,41.86,11.21,12.22,78.76,9.02,other
9,1,80400,9001080400,6060,12.52,52.72,0.0,0.12,0.0,34.39,10.07,2.87,81.2,15.92,black_alone
9,1,80500,9001080500,3248,90.27,1.29,0.0,4.22,0.0,3.69,6.13,1.97,82.42,15.61,white_alone
9,1,80600,9001080600,2477,69.64,12.47,0.0,1.94,0.0,13.93,9.4,7.19,79.21,13.61,white_alone
9,1,80700,9001080700,1900,70.16,23.21,0.0,1.0,0.0,5.16,6.21,5.21,79.37,15.42,white_alone
9,1,80800,9001080800,4423,76.28,10.76,0.0,0.5,0.0,11.62,3.39,3.07,80.01,16.37,white_alone
9,1,80900,9001080900,5091,58.93,16.54,0.0,0.35,0.0,18.05,2.27,5.56,80.08,14.36,white_alone
9,1,81000,9001081000,4404,62.58,17.21,0.0,1.29,0.0,15.6,9.16,2.5,79.75,17.64,white_alone
9,1,81100,9001081100,4765,72.34,8.65,0.0,0.0,0.0,18.72,5.47,1.74,75.05,22.2,white_alone
9,1,81200,9001081200,4806,75.76,8.78,0.0,1.19,0.0,11.61,3.56,1.81,83.08,15.11,white_alone
9,1,81300,9001081300,5082,79.81,2.36,0.0,6.34,0.0,8.74,2.6,2.66,58.24,33.83,white_alone
9,1,90100,9001090100,3176,78.72,6.99,0.0,8.5,0.0,4.91,9.04,0.98,72.04,26.98,white_alone
9,1,90200,9001090200,8067,82.03,1.31,0.0,9.72,0.0,5.63,3.36,2.75,81.79,15.46,white_alone
9,1,90300,9001090300,4482,75.86,0.83,0.0,3.88,0.0,16.56,2.41,2.99,85.74,11.27,white_alone
9,1,90400,9001090400,6515,67.05,7.54,0.31,6.88,0.37,12.17,2.39,2.33,83.16,11.82,white_alone
9,1,90500,9001090500,5040,79.56,1.61,0.0,2.74,0.0,9.5,2.92,2.24,85.62,12.04,white_alone
9,1,90600,9001090600,3320,78.22,4.37,0.0,2.08,0.0,13.64,1.72,1.81,74.94,23.25,white_alone
9,1,90700,9001090700,5208,83.81,1.92,0.0,9.01,0.0,5.26,4.52,1.06,88.33,10.62,white_alone
9,1,100100,9001100100,5642,73.52,1.1,0.0,13.95,0.0,7.27,3.85,3.35,82.19,14.46,white_alone
9,1,100200,9001100200,7234,83.56,4.45,0.0,3.23,0.0,3.35,3.68,0.44,86.55,13.01,white_alone
9,1,100300,9001100300,6616,83.87,1.31,0.0,2.37,0.0,10.32,1.51,5.37,82.15,12.48,white_alone
9,1,105100,9001105100,4064,90.28,0.0,0.0,1.85,0.0,2.12,0.67,4.43,72.34,23.23,white_alone
9,1,105200,9001105200,3446,92.66,0.06,0.0,1.6,0.0,3.37,4.96,5.14,77.16,17.7,white_alone
9,1,110100,9001110100,2976,66.26,7.26,0.0,6.89,0.0,18.01,14.0,9.07,78.29,8.64,white_alone
9,1,110201,9001110201,5059,71.89,0.47,0.24,11.41,0.0,10.58,8.84,3.24,83.79,12.97,white_alone
9,1,110202,9001110202,5052,78.44,7.44,0.55,1.98,0.0,9.92,2.63,2.22,64.41,28.92,white_alone
9,1,110301,9001110301,6647,85.11,1.13,0.0,3.49,0.0,10.12,4.0,1.35,79.12,17.95,white_alone
9,1,110302,9001110302,3126,82.44,0.7,0.0,6.65,0.0,8.64,3.49,1.15,89.19,9.66,white_alone
9,1,110400,9001110400,5104,88.28,0.88,0.08,1.76,0.0,6.29,7.35,2.45,81.78,14.66,white_alone
9,1,110500,9001110500,5387,89.33,1.95,0.0,1.17,0.0,5.49,2.54,3.36,71.45,25.19,white_alone
9,1,110601,9001110601,2818,94.0,1.77,0.0,3.23,0.0,0.99,3.02,0.67,83.96,15.37,white_alone
9,1,110602,9001110602,4993,82.05,0.46,0.0,8.47,0.0,7.99,4.99,5.15,80.11,14.74,white_alone
9,1,200100,9001200100,3548,79.57,1.55,0.0,5.5,0.0,12.03,8.96,7.47,82.07,10.46,white_alone
9,1,200200,9001200200,5537,58.5,20.25,0.0,6.48,0.0,13.67,4.57,15.89,72.62,11.49,white_alone
9,1,200301,9001200301,5275,73.57,0.49,0.0,14.43,0.0,10.14,1.6,4.55,78.37,14.03,white_alone
9,1,200302,9001200302,5462,89.66,1.98,0.0,1.89,0.26,2.51,1.51,7.51,77.24,15.25,white_alone
9,1,205100,9001205100,4272,88.69,1.59,0.0,1.83,0.73,4.63,3.5,6.65,74.6,17.93,white_alone
9,1,205200,9001205200,6870,93.09,0.0,0.0,2.66,0.0,4.13,1.72,2.71,83.52,13.77,white_alone
9,1,205300,9001205300,5868,77.85,4.02,0.0,7.33,0.0,6.82,9.26,3.6,76.86,18.93,white_alone
9,1,210101,9001210101,2387,39.0,12.07,0.0,8.8,0.0,34.1,18.23,9.34,79.01,11.65,other
9,1,210102,9001210102,3101,35.99,9.0,0.71,6.42,0.0,43.05,31.35,31.86,42.66,25.48,other
9,1,210201,9001210201,3231,36.12,4.24,1.05,0.65,0.0,53.33,8.12,27.67,66.36,5.97,hispanic
9,1,210202,9001210202,3379,20.21,9.56,0.0,3.28,0.0,62.27,18.13,31.58,61.35,7.07,hispanic
9,1,210300,9001210300,5707,36.85,9.08,0.0,13.95,0.0,34.5,17.35,17.43,68.65,10.76,other
9,1,210401,9001210401,4704,44.71,6.44,0.0,7.57,0.0,32.12,5.68,12.54,71.73,15.73,other
9,1,210402,9001210402,4472,44.48,9.64,0.0,12.34,0.0,24.89,4.96,15.52,76.01,8.47,other
9,1,210501,9001210501,2767,60.75,1.34,0.0,4.66,0.0,31.51,17.24,0.8,76.94,22.26,white_alone
9,1,210502,9001210502,6019,72.57,7.92,0.0,5.68,0.0,10.07,1.48,3.11,81.67,15.22,white_alone
9,1,210600,9001210600,6565,45.35,8.64,0.5,3.72,0.0,35.45,15.54,15.92,74.42,7.4,other
9,1,210701,9001210701,5764,26.35,9.37,0.0,2.43,0.0,59.04,26.42,30.45,60.44,5.95,hispanic
9,1,210702,9001210702,3908,51.33,2.28,0.0,9.62,0.0,34.52,7.98,21.88,73.23,4.89,white_alone
9,1,210800,9001210800,6181,58.6,9.8,0.0,5.57,0.0,22.15,6.11,4.16,85.44,10.4,white_alone
9,1,210900,9001210900,5445,83.95,2.64,0.0,2.44,0.0,8.36,1.75,2.2,75.11,22.68,white_alone
9,1,211000,9001211000,4399,55.26,13.41,0.0,6.0,0.0,20.48,6.84,11.21,76.38,12.41,white_alone
9,1,211100,9001211100,1162,47.33,29.95,2.5,2.32,0.0,17.38,0.0,0.0,12.56,4.48,other
9,1,211201,9001211201,3761,48.44,4.15,0.0,13.35,0.0,28.96,14.61,10.18,73.73,15.58,other
9,1,211202,9001211202,2976,75.54,1.24,0.0,7.53,0.0,7.36,5.17,7.12,75.84,17.04,white_alone
9,1,211300,9001211300,3929,74.6,8.6,0.0,1.88,0.0,14.91,2.65,6.08,77.68,16.24,white_alone
9,1,211400,9001211400,4793,68.33,14.88,0.27,2.88,0.0,12.66,9.76,6.61,69.41,23.97,white_alone
9,1,220100,9001220100,5485,85.74,0.78,0.13,1.75,0.0,6.36,5.89,2.04,86.05,11.91,white_alone
9,1,220200,9001220200,4946,88.37,0.36,0.0,0.91,0.0,8.65,3.18,0.57,86.21,13.22,white_alone
9,1,220300,9001220300,3493,82.94,0.09,0.0,0.17,0.23,12.91,3.72,2.35,84.2,13.46,white_alone
9,1,230100,9001230100,7196,89.84,0.01,0.26,2.4,0.0,6.0,2.7,3.25,81.41,15.34,white_alone
9,1,230200,9001230200,1921,93.02,0.62,0.0,3.07,0.0,3.28,1.56,0.62,86.1,13.27,white_alone
9,1,230300,9001230300,3402,85.1,1.12,0.0,4.17,0.0,8.29,3.2,2.5,81.31,16.2,white_alone
9,1,230400,9001230400,6097,87.21,1.25,0.0,1.2,0.0,5.79,2.3,6.22,82.83,10.96,white_alone
9,1,230501,9001230501,4102,91.1,0.22,0.0,3.75,0.0,3.46,5.58,1.56,86.98,11.46,white_alone
9,1,230502,9001230502,5106,82.8,5.46,0.0,0.82,0.9,8.56,4.76,0.55,79.14,9.15,white_alone
9,1,240100,9001240100,4640,92.0,0.43,0.0,2.52,0.0,4.53,2.65,6.55,71.7,18.62,white_alone
9,1,240200,9001240200,4483,87.49,0.22,0.0,2.16,0.0,6.22,3.37,7.54,77.58,14.88,white_alone
9,1,245100,9001245100,2934,89.5,1.43,0.0,1.7,0.0,2.86,0.75,1.33,89.47,9.2,white_alone
9,1,245200,9001245200,4377,77.29,2.9,0.0,7.01,0.0,7.17,7.72,3.84,77.36,15.9,white_alone
9,1,245300,9001245300,5246,86.37,1.2,0.0,3.24,0.0,8.29,1.39,3.68,78.92,17.4,white_alone
9,1,245400,9001245400,3066,95.66,0.33,0.0,1.27,0.0,2.74,1.08,1.76,85.19,13.05,white_alone
9,1,245500,9001245500,2881,82.4,0.0,0.0,0.69,0.0,15.72,1.63,3.33,85.73,10.93,white_alone
9,1,245600,9001245600,6508,89.06,1.69,0.25,5.75,0.0,0.29,2.29,7.01,84.54,8.45,white_alone
9,1,257100,9001257100,3634,92.68,0.0,0.44,1.65,0.0,3.33,1.68,2.97,77.49,19.54,white_alone
9,1,257200,9001257200,4386,20.02,49.89,0.0,0.0,0.0,26.88,15.93,16.53,71.2,12.18,other
9,3,330100,9003330100,1883,91.34,0.16,3.03,0.64,0.0,0.11,1.34,1.12,86.25,12.43,white_alone
9,3,400101,9003400101,3093,91.5,0.0,0.0,1.88,0.0,4.14,4.49,0.71,74.88,24.41,white_alone
9,3,400102,9003400102,4307,80.57,1.63,0.0,10.75,0.0,5.6,6.76,2.74,77.15,20.11,white_alone
9,3,400200,9003400200,6289,90.3,0.38,0.0,3.9,0.0,3.61,2.64,1.32,80.82,17.86,white_alone
9,3,400300,9003400300,6771,91.86,0.56,0.0,1.96,0.0,4.39,4.42,0.0,74.67,25.15,white_alone
9,3,405100,9003405100,3220,70.43,8.66,0.0,0.99,0.0,13.98,5.33,5.06,84.81,9.97,white_alone
9,3,405200,9003405200,4201,78.7,1.24,0.0,3.38,0.0,10.4,9.01,2.59,79.89,13.54,white_alone
9,3,405300,9003405300,6027,85.35,1.84,0.28,1.33,0.0,11.2,5.88,1.69,72.99,23.73,white_alone
9,3,405401,9003405401,3322,86.88,0.93,0.0,1.72,0.0,7.04,6.75,1.29,70.95,27.6,white_alone
9,3,405402,9003405402,3639,72.9,6.32,0.0,3.46,0.0,16.63,11.54,3.16,79.58,17.26,white_alone
9,3,405500,9003405500,5159,72.9,1.28,0.0,2.52,0.0,22.97,4.13,3.43,83.52,13.05,white_alone
9,3,405600,9003405600,7705,59.77,7.58,0.0,0.0,0.0,29.67,17.33,3.66,82.74,13.6,white_alone
9,3,405700,9003405700,2075,72.82,4.82,0.14,0.0,0.0,19.81,17.35,2.31,79.33,18.36,white_alone
9,3,405801,9003405801,3245,72.67,0.77,0.74,2.96,0.0,14.3,16.0,1.73,82.71,15.56,white_alone
9,3,405802,9003405802,4263,74.99,6.97,0.23,3.66,0.0,6.66,1.96,3.92,78.09,17.99,white_alone
9,3,405900,9003405900,4760,75.84,11.93,0.0,0.0,0.0,9.12,3.79,5.06,77.21,17.63,white_alone
9,3,406001,9003406001,3996,65.59,4.58,0.03,4.45,0.0,23.05,15.21,3.85,77.63,18.39,white_alone
9,3,406002,9003406002,4437,90.6,1.6,0.0,0.36,0.0,4.44,10.2,1.01,77.17,20.98,white_alone
9,3,406100,9003406100,3990,45.69,15.56,0.0,0.4,0.0,32.86,21.46,10.05,65.59,19.77,other
9,3,410101,9003410101,5314,92.0,0.0,0.0,3.11,0.0,2.58,3.32,1.51,86.79,11.7,white_alone
9,3,410102,9003410102,4364,92.74,0.05,0.0,2.84,0.0,2.02,2.57,0.62,86.07,13.13,white_alone
9,3,415300,9003415300,2067,22.84,14.71,0.0,0.15,0.0,61.3,21.4,6.63,84.76,8.61,hispanic
9,3,415400,9003415400,6241,31.45,15.13,0.0,0.0,0.0,40.92,11.47,2.95,87.65,9.41,other
9,3,415500,9003415500,3054,31.2,13.26,0.0,1.02,0.0,47.28,31.43,4.88,77.5,17.62,other
9,3,415600,9003415600,4702,23.93,21.57,0.0,2.57,0.0,48.49,22.63,8.85,78.39,10.74,other
9,3,415700,9003415700,3245,46.29,8.78,0.0,1.88,0.0,39.11,13.77,4.25,77.87,17.66,other
9,3,415800,9003415800,2704,32.17,19.38,0.0,0.0,0.0,43.75,24.64,8.51,70.3,15.94,other
9,3,415900,9003415900,1437,26.58,13.29,0.0,0.0,0.0,55.39,45.93,7.1,76.2,16.7,hispanic
9,3,416000,9003416000,4633,48.44,0.58,0.0,0.0,0.0,48.31,33.8,6.41,83.64,9.95,other
9,3,416100,9003416100,4917,24.32,10.21,0.0,6.85,0.0,57.98,30.31,5.76,82.79,11.45,hispanic
9,3,416200,9003416200,2830,14.03,15.65,0.0,0.49,0.0,66.08,27.13,4.63,75.48,19.89,hispanic
9,3,416300,9003416300,3764,32.28,6.54,0.0,0.0,0.0,58.18,24.1,2.6,81.59,15.49,hispanic
9,3,416400,9003416400,3212,62.67,13.76,0.0,1.87,0.0,18.68,1.69,2.33,82.85,14.66,white_alone
9,3,416500,9003416500,5015,40.18,13.0,0.0,0.32,0.0,41.91,14.42,3.45,85.32,11.07,other
9,3,416600,9003416600,3297,24.51,7.43,0.0,3.46,0.0,62.03,21.5,3.7,86.65,7.67,hispanic
9,3,416700,9003416700,6488,38.01,8.88,0.0,1.48,0.0,50.39,26.08,2.2,82.71,14.3,hispanic
9,3,416800,9003416800,2960,47.6,18.14,0.0,7.7,0.0,22.77,7.57,2.06,83.95,13.99,other
9,3,417100,9003417100,1570,25.92,13.5,0.0,0.0,0.76,56.24,31.59,8.28,78.79,12.93,hispanic
9,3,417200,9003417200,1486,59.02,9.42,0.0,9.08,0.0,16.29,20.66,8.88,82.77,8.34,white_alone
9,3,417300,9003417300,1782,69.53,21.32,0.0,2.47,0.0,5.33,100.0,8.98,88.72,2.3,white_alone
9,3,417400,9003417400,2955,63.18,8.97,0.0,17.33,0.0,8.66,12.88,3.52,78.78,9.92,white_alone
9,3,417500,9003417500,4184,65.15,4.28,0.33,5.59,0.0,20.79,11.98,4.71,80.45,14.84,white_alone
9,3,420400,9003420400,3248,86.55,1.05,0.0,6.19,0.0,6.22,3.34,2.28,79.5,17.98,white_alone
9,3,420500,9003420500,5025,75.76,2.43,0.0,2.97,0.0,18.35,5.56,5.83,77.33,16.68,white_alone
9,3,420601,9003420601,2550,90.78,0.94,0.0,3.92,0.0,3.8,9.92,6.12,59.73,34.16,white_alone
9,3,420602,9003420602,3390,80.21,2.18,0.0,7.32,0.0,8.88,6.54,3.81,77.43,18.17,white_alone
9,3,420700,9003420700,3392,87.06,1.44,0.0,0.0,0.0,8.34,6.57,3.01,80.45,16.04,white_alone
9,3,430100,9003430100,4370,81.97,0.92,0.0,2.88,0.0,13.46,9.53,1.62,72.01,23.75,white_alone
9,3,430201,9003430201,3755,87.27,1.81,0.24,2.61,0.0,6.58,1.98,2.24,81.17,16.59,white_alone
9,3,430202,9003430202,4770,85.2,0.04,0.0,1.82,0.0,10.23,2.02,0.61,82.58,16.81,white_alone
9,3,430203,9003430203,4279,93.55,0.02,0.0,2.03,0.0,2.94,0.61,8.04,71.4,20.57,white_alone
9,3,430301,9003430301,3676,92.6,0.0,0.0,5.17,0.0,1.14,1.96,2.23,81.58,16.19,white_alone
9,3,430302,9003430302,2727,93.88,1.54,0.0,0.07,0.0,3.81,3.53,2.16,70.44,26.92,white_alone
9,3,430400,9003430400,4515,90.45,4.87,0.02,0.0,0.0,1.68,5.35,1.35,81.02,17.56,white_alone
9,3,430501,9003430501,1046,81.74,10.23,0.0,0.0,0.0,5.83,7.46,8.99,68.55,22.47,white_alone
9,3,430502,9003430502,5731,96.0,0.3,0.0,0.0,0.0,3.7,0.73,0.45,83.39,15.95,white_alone
9,3,430602,9003430602,3305,90.56,2.42,0.0,5.87,0.0,1.03,1.6,4.08,80.54,15.37,white_alone
9,3,430603,9003430603,2383,74.15,0.0,0.0,11.83,0.0,10.78,12.42,0.0,81.87,18.13,white_alone
9,3,430604,9003430604,3196,87.42,2.32,0.0,4.54,0.0,1.72,10.29,0.41,84.36,14.46,white_alone
9,3,460100,9003460100,3233,69.44,9.4,0.15,11.57,0.0,6.46,9.83,0.28,79.8,18.13,white_alone
9,3,460202,9003460202,4867,69.65,3.06,0.12,18.45,0.0,6.14,8.93,3.51,83.34,13.15,white_alone
9,3,460203,9003460203,3497,71.75,5.15,0.74,11.84,0.0,8.58,5.63,1.43,80.07,18.5,white_alone
9,3,460204,9003460204,5416,66.56,4.49,0.0,19.24,0.0,7.79,12.25,5.13,74.37,18.63,white_alone
9,3,460301,9003460301,4852,83.8,0.76,0.0,7.5,0.0,5.34,4.06,1.75,79.35,18.9,white_alone
9,3,460302,9003460302,3633,79.19,0.06,0.44,7.65,0.0,9.17,6.58,2.67,79.8,16.71,white_alone
9,3,462101,9003462101,6238,84.35,0.02,0.0,8.37,0.0,3.74,5.69,1.17,82.22,16.21,white_alone
9,3,462102,9003462102,3965,73.87,1.59,0.0,17.23,0.0,2.82,3.24,0.53,90.26,9.21,white_alone
9,3,462201,9003462201,5352,85.61,0.13,0.06,9.04,0.0,4.52,4.49,0.58,76.59,19.43,white_alone
9,3,462202,9003462202,2747,60.32,3.09,0.0,31.93,0.0,2.0,2.84,0.51,80.74,18.75,white_alone
9,3,464101,9003464101,5376,83.78,4.02,0.0,1.77,0.0,7.72,2.13,2.73,79.89,17.37,white_alone
9,3,464102,9003464102,4898,89.26,2.51,0.51,1.8,0.0,5.19,4.12,2.9,74.21,20.72,white_alone
9,3,466101,9003466101,5362,87.9,0.45,0.0,3.51,0.0,4.44,3.93,2.26,78.87,18.87,white_alone
9,3,466102,9003466102,5117,81.73,1.29,0.0,5.24,0.0,8.31,0.9,0.84,86.32,12.84,white_alone
9,3,466201,9003466201,2930,61.26,20.17,4.68,7.0,0.0,5.6,15.43,1.06,82.15,16.55,white_alone
9,3,466202,9003466202,4137,90.02,0.99,0.0,2.37,0.0,4.71,3.3,1.45,76.58,17.28,white_alone
9,3,466300,9003466300,4884,87.16,1.7,1.31,2.5,0.0,6.02,5.09,0.16,83.74,15.38,white_alone
9,3,466400,9003466400,2595,82.31,0.92,1.93,3.97,0.0,7.94,8.56,4.78,82.27,12.95,white_alone
9,3,468101,9003468101,7298,93.3,0.34,0.0,0.74,0.0,3.08,1.62,1.62,86.52,11.7,white_alone
9,3,468102,9003468102,4112,97.3,0.27,0.0,1.17,0.0,1.12,4.36,2.5,74.76,19.87,white_alone
9,3,470100,9003470100,5370,73.48,1.58,0.0,2.59,0.0,14.84,3.32,4.67,74.28,19.59,white_alone
9,3,471100,9003471100,3699,7.38,74.8,0.0,0.0,0.0,8.79,8.35,4.6,76.56,18.84,black_alone
9,3,471200,9003471200,3393,15.21,68.29,0.0,2.68,0.0,13.59,10.51,7.4,76.78,13.97,black_alone
9,3,471300,9003471300,4300,31.81,63.0,0.0,1.74,0.0,3.02,6.42,0.84,75.98,22.09,black_alone
9,3,471400,9003471400,5745,60.64,21.57,0.0,7.54,0.0,9.8,7.94,1.1,62.8,34.22,white_alone
9,3,471500,9003471500,3991,24.03,59.16,0.0,7.77,0.0,7.44,5.8,2.88,67.5,26.01,black_alone
9,3,473100,9003473100,6359,37.73,51.69,0.0,0.71,0.0,5.96,1.22,0.77,77.4,17.55,black_alone
9,3,473400,9003473400,1652,68.04,16.28,0.0,1.21,0.0,11.08,16.17,0.85,81.3,17.86,white_alone
9,3,473501,9003473501,4412,58.54,24.25,0.0,8.32,0.0,5.96,1.97,2.49,79.6,17.79,white_alone
9,3,473502,9003473502,3014,59.75,22.76,0.0,0.0,0.0,12.91,3.25,4.74,83.05,12.21,white_alone
9,3,473601,9003473601,3235,57.96,20.34,0.0,7.57,0.22,10.94,1.48,0.83,81.79,17.37,white_alone
9,3,473602,9003473602,2413,51.1,22.42,0.04,12.56,0.33,11.6,10.45,3.27,72.61,23.29,white_alone
9,3,473700,9003473700,5820,32.7,49.42,0.0,1.31,0.0,14.55,5.47,2.13,81.75,16.03,other
9,3,473800,9003473800,1886,8.22,67.92,0.0,7.16,0.8,2.17,5.14,4.35,80.65,15.01,black_alone
9,3,476100,9003476100,4650,76.54,9.1,0.17,6.6,0.0,3.72,8.65,4.37,74.11,20.47,white_alone
9,3,476200,9003476200,2806,89.77,0.64,0.0,5.92,0.0,1.1,4.31,1.78,81.79,16.43,white_alone
9,3,476300,9003476300,5276,72.76,5.14,0.0,10.41,0.0,8.24,9.29,1.5,82.49,16.02,white_alone
9,3,477101,9003477101,4135,88.54,1.96,0.0,4.38,0.0,3.19,3.02,2.61,81.11,16.28,white_alone
9,3,477103,9003477103,3457,88.86,3.01,0.0,1.76,0.0,2.23,0.53,8.85,75.56,15.59,white_alone
9,3,477104,9003477104,5145,57.53,23.52,0.0,4.39,0.0,13.99,0.87,0.0,52.44,5.81,white_alone
9,3,477200,9003477200,2993,91.21,1.37,0.0,0.0,0.0,3.54,1.2,0.27,78.32,21.02,white_alone
9,3,480300,9003480300,2191,80.74,4.43,0.0,2.01,0.0,12.32,5.75,1.6,75.35,22.41,white_alone
9,3,480400,9003480400,3914,79.82,0.0,0.0,10.12,0.0,9.66,7.33,3.81,80.07,16.12,white_alone
9,3,480500,9003480500,3385,74.77,1.68,1.06,0.3,0.0,16.34,3.29,3.99,67.03,25.91,white_alone
9,3,480600,9003480600,4996,51.5,11.75,0.0,4.1,0.0,14.95,23.02,4.58,86.43,8.99,white_alone
9,3,480700,9003480700,2266,69.95,9.0,0.44,2.25,0.0,14.7,13.23,3.05,69.99,18.05,white_alone
9,3,480800,9003480800,4394,83.91,1.87,0.0,1.75,0.0,9.47,4.56,3.19,75.56,21.14,white_alone
9,3,480900,9003480900,2022,89.32,3.56,0.0,3.02,0.0,1.48,2.64,5.09,74.93,14.34,white_alone
9,3,481000,9003481000,3808,84.01,8.25,0.0,1.44,0.0,1.5,1.76,3.94,73.66,22.27,white_alone
9,3,481100,9003481100,4063,74.94,2.07,0.0,0.0,0.0,18.26,6.37,2.83,80.9,16.05,white_alone
9,3,481200,9003481200,4053,77.62,3.11,0.0,5.55,0.0,8.96,6.86,1.53,76.12,22.35,white_alone
9,3,481300,9003481300,2718,88.93,3.94,0.0,3.9,0.0,0.04,7.54,4.93,71.49,23.58,white_alone
9,3,484100,9003484100,5348,75.43,1.68,0.34,15.78,0.0,3.37,2.34,6.79,73.78,15.26,white_alone
9,3,484200,9003484200,6154,69.34,11.85,0.0,4.24,0.0,12.45,15.86,3.8,79.33,16.79,white_alone
9,3,487100,9003487100,7292,74.3,3.89,0.0,12.51,0.0,6.99,2.14,1.8,84.89,13.32,white_alone
9,3,487201,9003487201,4801,80.38,1.44,0.0,6.5,0.0,8.91,5.09,3.71,81.15,15.04,white_alone
9,3,487202,9003487202,3504,77.14,2.43,0.0,15.58,0.0,1.48,0.94,0.0,92.58,7.42,white_alone
9,3,487300,9003487300,1512,73.94,5.09,0.0,11.84,0.0,8.53,13.96,0.0,78.7,21.3,white_alone
9,3,487400,9003487400,2426,74.4,6.31,0.41,12.12,0.0,2.93,2.1,0.21,83.06,16.74,white_alone
9,3,487500,9003487500,6427,69.71,4.0,0.03,18.28,0.0,3.78,4.96,0.72,83.83,15.45,white_alone
9,3,490100,9003490100,5280,71.0,1.06,0.0,18.79,0.0,7.84,1.63,7.75,68.26,22.61,white_alone
9,3,490303,9003490303,4138,41.66,5.22,0.0,45.7,0.0,0.82,2.01,0.94,90.07,8.99,other
9,3,490304,9003490304,4106,81.81,0.95,0.0,11.45,0.0,4.77,0.62,1.9,72.53,24.01,white_alone
9,3,492100,9003492100,3577,87.06,1.65,0.0,0.0,0.0,6.99,2.38,2.35,78.78,18.87,white_alone
9,3,492200,9003492200,4122,70.82,8.93,0.19,2.6,0.0,16.67,10.89,0.95,79.57,19.48,white_alone
9,3,492300,9003492300,5597,64.52,9.47,0.21,9.56,0.0,11.9,11.56,5.04,79.17,15.79,white_alone
9,3,492400,9003492400,2866,84.82,1.29,0.0,4.71,0.0,4.05,5.19,0.38,78.54,21.07,white_alone
9,3,492500,9003492500,3345,89.63,4.93,0.0,1.41,0.0,1.73,1.23,1.76,79.97,17.61,white_alone
9,3,492600,9003492600,6561,86.02,3.17,0.0,0.75,0.0,7.64,2.2,1.45,71.76,26.72,white_alone
9,3,494100,9003494100,5965,66.91,5.2,0.0,10.18,0.0,7.48,13.73,4.14,76.06,19.8,white_alone
9,3,494201,9003494201,4617,82.74,2.6,0.0,6.02,0.0,5.2,7.74,5.28,72.9,21.7,white_alone
9,3,494202,9003494202,2489,81.4,2.53,0.0,9.96,0.0,3.29,1.77,1.33,77.78,20.89,white_alone
9,3,494300,9003494300,4279,80.14,5.49,0.0,2.1,0.0,10.98,5.96,2.43,83.52,12.5,white_alone
9,3,494400,9003494400,4498,78.59,1.29,0.0,5.94,0.0,12.63,10.23,2.73,72.25,22.17,white_alone
9,3,494500,9003494500,4621,70.11,2.55,0.0,4.7,0.0,18.72,6.9,5.52,78.68,14.89,white_alone
9,3,494600,9003494600,3645,68.72,5.95,0.0,8.04,0.0,7.16,7.54,3.9,69.79,26.31,white_alone
9,3,496100,9003496100,2957,23.81,16.84,0.0,14.41,0.0,42.0,20.9,5.38,79.3,14.88,other
9,3,496200,9003496200,4763,61.66,6.7,0.36,14.97,0.0,14.0,4.79,0.99,73.23,25.78,white_alone
9,3,496300,9003496300,3905,75.03,2.02,0.0,4.87,0.0,16.21,2.28,3.56,82.84,13.57,white_alone
9,3,496400,9003496400,2871,85.68,2.75,0.0,4.39,0.0,4.98,1.92,0.0,84.12,15.88,white_alone
9,3,496500,9003496500,2679,81.49,1.01,0.0,10.27,0.0,4.59,2.19,1.31,84.21,13.36,white_alone
9,3,496600,9003496600,2713,86.25,0.04,0.0,6.34,0.0,6.38,2.76,2.51,80.17,17.32,white_alone
9,3,496700,9003496700,3637,57.88,13.89,0.0,6.79,0.0,19.55,15.02,3.68,78.58,17.73,white_alone
9,3,496800,9003496800,3202,38.88,10.62,0.0,8.37,0.0,35.2,7.21,2.31,79.51,17.93,other
9,3,496900,9003496900,6221,68.77,8.13,0.27,5.1,0.0,14.21,5.8,1.98,85.6,12.2,white_alone
9,3,497000,9003497000,4331,86.7,1.78,0.0,2.59,0.0,8.08,4.23,0.69,82.94,16.37,white_alone
9,3,497100,9003497100,3966,81.19,6.86,0.0,1.59,0.0,7.97,13.6,2.55,73.9,17.83,white_alone
9,3,497200,9003497200,2238,80.83,8.71,0.4,4.24,0.0,5.23,2.4,0.85,65.77,21.98,white_alone
9,3,497300,9003497300,5087,72.4,10.46,0.9,11.07,0.0,4.19,8.34,0.75,80.34,16.3,white_alone
9,3,497400,9003497400,4186,83.06,3.13,0.0,5.92,0.0,6.26,1.65,0.17,83.04,15.43,white_alone
9,3,497500,9003497500,3596,64.49,7.79,0.0,15.6,0.0,8.68,5.72,0.5,80.34,19.16,white_alone
9,3,497600,9003497600,2182,80.57,1.1,0.0,11.82,0.0,4.81,6.33,0.05,83.5,16.45,white_alone
9,3,497700,9003497700,4489,76.68,3.12,0.0,14.01,0.0,4.21,3.07,1.14,85.83,13.03,white_alone
9,3,500100,9003500100,3887,4.94,18.47,0.0,4.45,0.0,71.57,33.6,13.35,78.08,8.57,hispanic
9,3,500200,9003500200,2356,6.62,16.3,0.0,3.1,0.0,71.1,45.89,11.04,73.26,13.37,hispanic
9,3,500300,9003500300,2405,13.6,34.51,0.0,1.04,0.0,50.85,50.19,3.7,75.43,17.96,hispanic
9,3,500400,9003500400,1736,14.98,13.48,0.0,3.0,0.0,67.4,25.42,6.97,78.97,13.71,hispanic
9,3,500500,9003500500,1450,17.31,25.66,0.0,28.69,0.0,22.0,18.5,2.55,81.24,16.21,other
9,3,500900,9003500900,1967,1.88,39.15,0.0,0.0,0.0,58.97,49.01,1.47,82.92,15.15,hispanic
9,3,501200,9003501200,2671,5.09,48.26,0.0,0.0,0.0,41.97,49.79,8.8,75.14,16.06,other
9,3,501300,9003501300,1815,1.1,54.16,0.0,0.0,0.0,41.43,39.45,5.07,87.05,7.88,black_alone
9,3,501400,9003501400,2222,0.72,78.04,0.0,1.44,0.0,18.54,36.45,3.74,61.88,34.38,black_alone
9,3,501500,9003501500,3166,1.8,69.2,0.0,0.0,0.0,27.01,36.48,10.17,71.48,18.35,black_alone
9,3,501700,9003501700,1747,0.0,48.71,0.0,0.0,0.0,50.49,41.9,6.24,70.69,23.07,hispanic
9,3,501800,9003501800,2963,0.81,42.22,0.0,0.0,0.0,56.97,56.78,2.4,80.16,17.45,hispanic
9,3,502100,9003502100,2406,48.71,12.09,0.0,19.08,0.0,17.5,14.26,3.53,83.5,9.64,other
9,3,502300,9003502300,6200,19.02,32.0,0.0,1.31,0.0,46.82,15.32,8.42,80.63,9.71,other
9,3,502400,9003502400,5698,13.27,11.93,0.0,0.04,0.0,73.11,33.7,17.64,67.81,14.55,hispanic
9,3,502500,9003502500,2012,12.13,27.83,0.25,0.0,0.0,53.98,21.32,13.47,69.18,17.35,hispanic
9,3,502600,9003502600,4039,15.28,22.48,0.0,0.77,0.0,58.26,18.98,13.59,71.43,14.98,hispanic
9,3,502700,9003502700,4671,34.19,19.1,0.02,2.74,0.0,41.17,27.7,9.61,84.31,5.52,other
9,3,502800,9003502800,2967,6.34,7.95,0.0,0.07,0.0,84.4,39.76,15.27,68.52,15.13,hispanic
9,3,502900,9003502900,3157,10.64,14.51,0.0,4.59,0.0,70.26,19.83,14.16,76.62,9.22,hispanic
9,3,503000,9003503000,2662,10.74,26.18,0.0,1.73,0.0,61.12,36.43,13.19,60.56,24.94,hispanic
9,3,503101,9003503101,2173,13.94,22.09,0.0,0.0,0.0,63.46,23.13,8.1,80.21,11.69,hispanic
9,3,503102,9003503102,2562,25.49,44.26,0.0,7.96,0.0,17.56,21.9,10.07,74.75,15.18,other
9,3,503300,9003503300,2622,5.23,59.04,0.0,0.42,0.0,30.02,30.17,11.59,77.0,11.4,black_alone
9,3,503500,9003503500,1650,0.61,67.33,0.0,0.0,0.0,31.15,29.82,9.39,75.82,14.79,black_alone
9,3,503700,9003503700,2235,2.06,77.94,0.0,0.0,0.0,16.33,31.59,14.5,68.55,16.96,black_alone
9,3,503800,9003503800,3014,61.11,22.46,0.0,1.43,0.0,13.74,46.86,5.71,77.84,4.48,white_alone
9,3,503900,9003503900,4812,2.16,85.74,0.0,0.0,0.0,8.04,11.84,5.53,70.24,24.23,black_alone
9,3,504000,9003504000,3107,1.54,95.72,0.0,0.0,0.0,0.16,6.82,3.64,76.7,19.67,black_alone
9,3,504100,9003504100,1602,6.49,20.22,0.0,0.81,0.0,69.66,43.72,11.17,83.33,5.49,hispanic
9,3,504200,9003504200,5190,38.15,21.7,0.0,6.01,0.0,29.88,42.32,8.23,71.62,17.3,other
9,3,504300,9003504300,2278,23.62,7.2,0.0,2.19,0.0,66.77,35.03,20.02,63.3,15.63,hispanic
9,3,504500,9003504500,3108,4.25,16.41,0.0,1.29,0.0,74.29,23.42,17.63,69.69,12.68,hispanic
9,3,504800,9003504800,4591,16.55,24.0,0.0,4.31,0.0,50.93,14.01,4.9,77.48,17.51,hispanic
9,3,504900,9003504900,5040,11.81,26.49,0.0,0.0,0.0,58.89,26.87,14.37,76.75,8.37,hispanic
9,3,510100,9003510100,1873,27.6,29.04,0.0,7.05,0.0,34.6,8.28,6.3,74.0,19.7,other
9,3,510200,9003510200,2578,32.35,26.53,0.0,5.12,0.0,35.53,20.37,8.22,63.85,22.46,other
9,3,510300,9003510300,4087,19.53,35.85,0.0,0.0,0.0,39.2,8.49,3.89,81.94,14.17,other
9,3,510400,9003510400,6535,16.97,15.53,0.0,0.0,0.0,66.53,19.88,12.87,77.26,9.87,hispanic
9,3,510500,9003510500,3029,24.46,24.63,0.0,12.08,0.0,33.71,16.32,5.48,83.33,9.77,other
9,3,510600,9003510600,4836,16.36,37.01,0.0,9.08,0.0,34.76,25.9,3.97,82.59,13.44,other
9,3,510700,9003510700,4379,49.3,17.26,0.0,3.61,0.0,28.07,7.56,3.88,81.41,14.59,other
9,3,510800,9003510800,3204,38.64,25.72,0.0,1.25,0.0,31.52,9.52,5.71,73.75,20.54,other
9,3,510900,9003510900,3684,55.86,21.06,0.0,2.17,0.0,18.46,5.01,5.7,81.7,12.6,white_alone
9,3,511000,9003511000,3609,44.58,15.88,0.0,2.08,0.0,34.3,7.01,0.86,81.6,17.54,other
9,3,511100,9003511100,3401,61.16,11.03,2.18,5.5,0.0,18.91,2.49,9.2,75.27,15.52,white_alone
9,3,511200,9003511200,3151,18.47,12.98,0.13,0.95,0.0,66.11,25.42,5.36,83.05,11.58,hispanic
9,3,511300,9003511300,3503,25.95,24.46,0.49,2.46,0.0,40.88,20.8,9.16,74.68,15.9,other
9,3,511400,9003511400,2167,41.99,18.97,0.0,5.31,0.0,27.41,5.71,1.29,76.93,21.0,other
9,3,514101,9003514101,3096,79.33,4.68,0.0,6.75,0.0,6.1,6.21,0.97,77.49,17.47,white_alone
9,3,514103,9003514103,4400,25.91,6.48,2.23,52.32,0.0,5.2,1.37,5.82,90.86,3.2,asian_alone
9,3,514104,9003514104,3342,40.54,16.82,0.66,25.1,0.0,15.65,4.46,4.73,80.04,14.69,other
9,3,514200,9003514200,3067,61.46,15.59,0.78,5.97,0.0,13.66,12.91,2.87,79.59,17.28,white_alone
9,3,514300,9003514300,3925,64.2,13.73,0.0,4.48,0.0,15.97,7.08,2.17,80.2,17.5,white_alone
9,3,514400,9003514400,4298,63.29,16.29,0.81,0.7,0.0,16.5,12.99,3.93,75.52,20.4,white_alone
9,3,514500,9003514500,4708,50.17,17.37,0.0,8.05,0.0,14.68,4.99,2.23,78.31,19.46,white_alone
9,3,514600,9003514600,5553,55.52,17.77,0.2,3.91,0.0,16.75,19.96,2.97,76.82,18.39,white_alone
9,3,514700,9003514700,4798,30.7,21.34,0.0,3.42,0.0,42.14,20.86,5.42,84.06,10.19,other
9,3,514800,9003514800,3114,38.02,25.85,0.74,7.96,0.0,21.84,24.05,4.24,70.52,25.24,other
9,3,514900,9003514900,2781,77.63,6.87,0.0,0.43,0.0,6.11,5.87,3.24,77.06,19.53,white_alone
9,3,515000,9003515000,3081,72.28,6.36,0.0,7.63,0.0,9.67,3.18,3.05,81.95,14.15,white_alone
9,3,515101,9003515101,2493,78.38,8.26,0.16,2.85,0.0,8.5,3.43,5.05,67.83,14.64,white_alone
9,3,515102,9003515102,6008,42.78,19.22,2.31,20.99,0.0,11.35,14.69,1.61,75.6,22.7,other
9,3,515200,9003515200,3037,89.13,2.9,0.0,3.56,0.0,3.03,1.45,0.86,77.54,21.6,white_alone
9,3,520100,9003520100,5729,79.07,2.25,0.0,10.14,0.0,7.35,3.41,1.85,80.08,17.35,white_alone
9,3,520201,9003520201,3505,75.55,0.2,0.0,15.49,0.0,7.7,2.45,1.06,81.57,17.38,white_alone
9,3,520202,9003520202,3746,89.24,0.83,0.0,1.98,0.0,7.5,0.77,1.2,87.32,11.24,white_alone
9,3,520301,9003520301,4419,73.21,5.68,0.0,8.76,0.0,10.16,9.38,1.54,78.95,19.51,white_alone
9,3,520302,9003520302,4648,72.7,0.86,0.65,13.02,2.97,8.0,6.71,0.65,74.27,22.22,white_alone
9,3,520400,9003520400,8210,87.24,0.82,0.0,5.92,0.0,3.39,0.87,0.74,76.55,22.7,white_alone
9,3,520501,9003520501,4270,85.55,0.8,0.0,6.72,0.0,5.57,1.38,5.41,78.88,15.71,white_alone
9,3,524100,9003524100,6351,91.73,1.43,0.19,1.61,0.0,5.04,8.37,1.04,86.05,11.29,white_alone
9,3,524200,9003524200,6623,75.27,8.8,0.0,6.27,0.65,6.79,7.72,11.25,65.02,22.09,white_alone
9,3,524300,9003524300,6142,62.34,20.29,0.75,1.6,0.0,13.63,2.92,0.44,46.17,14.23,white_alone
9,3,524400,9003524400,3438,0.52,59.66,0.09,0.09,0.0,35.25,19.31,2.71,84.29,13.0,black_alone
9,3,524501,9003524501,3102,28.66,22.53,0.0,0.32,0.0,38.04,17.35,10.15,80.05,9.74,other
9,3,524502,9003524502,1945,52.75,16.61,0.0,3.03,0.0,19.69,16.07,4.99,74.6,20.41,white_alone
9,3,524600,9003524600,3181,9.59,54.76,0.19,14.81,0.0,10.34,19.68,6.98,78.43,12.04,black_alone
9,3,524700,9003524700,3760,19.1,21.76,0.0,0.19,0.0,52.74,16.41,5.9,83.16,7.23,hispanic
9,3,980100,9003980100,942,26.75,37.37,0.0,0.0,0.0,35.88,,0.0,0.0,0.0,other
9,5,250100,9005250100,1782,90.29,4.26,0.0,0.45,0.0,3.25,3.82,2.47,70.48,27.05,white_alone
9,5,253100,9005253100,3232,79.89,1.76,0.4,3.81,0.0,11.23,10.32,2.44,78.43,16.58,white_alone
9,5,253200,9005253200,6993,87.82,1.2,0.0,5.43,0.0,3.62,3.35,3.6,81.04,13.33,white_alone
9,5,253400,9005253400,5956,89.02,2.18,0.0,0.29,0.0,6.23,3.37,1.44,85.24,13.31,white_alone
9,5,253500,9005253500,5870,85.08,1.23,0.0,2.45,0.0,7.19,16.12,7.34,81.53,11.12,white_alone
9,5,260200,9005260200,3269,86.14,2.42,0.0,0.0,0.0,10.16,13.93,5.6,65.28,25.76,white_alone
9,5,261100,9005261100,3604,94.67,0.61,0.0,2.05,0.0,1.78,5.34,5.41,73.14,20.31,white_alone
9,5,262100,9005262100,2706,90.61,0.48,0.0,0.26,0.0,5.95,11.09,8.91,69.51,21.58,white_alone
9,5,263200,9005263200,1344,87.13,0.45,0.0,3.94,0.0,7.14,9.3,8.04,70.68,21.28,white_alone
9,5,265100,9005265100,1459,82.66,1.23,0.0,8.5,0.0,6.65,1.66,9.6,71.14,19.26,white_alone
9,5,266100,9005266100,2789,88.02,1.04,0.14,1.72,0.0,2.83,4.1,3.55,69.27,24.35,white_alone
9,5,267100,9005267100,3435,84.95,1.34,0.0,1.6,0.0,10.77,7.4,4.28,75.87,18.49,white_alone
9,5,268100,9005268100,2118,93.67,0.0,0.0,2.64,0.0,2.64,4.26,0.0,83.76,16.24,white_alone
9,5,290100,9005290100,3626,92.77,0.06,0.0,3.2,0.0,1.99,5.85,1.63,83.45,14.92,white_alone
9,5,293100,9005293100,1362,94.13,0.95,0.0,0.81,0.0,2.28,6.22,1.47,82.16,16.37,white_alone
9,5,296100,9005296100,2877,88.77,0.1,0.0,1.08,0.0,2.57,6.57,1.88,79.42,18.7,white_alone
9,5,298300,9005298300,2522,95.28,2.46,0.0,1.07,0.0,0.83,2.18,1.23,78.51,20.26,white_alone
9,5,298400,9005298400,2906,96.87,0.79,0.0,0.0,0.0,1.82,1.7,2.96,85.48,11.56,white_alone
9,5,300100,9005300100,2163,93.39,1.48,0.0,0.92,0.0,4.16,3.61,8.74,65.83,25.43,white_alone
9,5,300400,9005300400,2026,77.49,7.01,0.0,2.62,0.0,9.43,5.81,7.6,71.37,19.3,white_alone
9,5,300500,9005300500,3937,85.52,0.99,0.0,0.89,0.0,8.13,7.12,0.51,72.77,24.87,white_alone
9,5,303100,9005303100,2109,94.12,0.0,0.81,0.0,0.0,3.79,7.06,0.0,82.69,17.31,white_alone
9,5,306100,9005306100,6678,94.28,0.06,0.24,1.32,0.0,1.63,0.9,1.77,76.01,21.8,white_alone
9,5,310100,9005310100,4010,84.54,2.32,0.0,4.99,0.0,7.13,8.55,3.32,68.83,25.41,white_alone
9,5,310200,9005310200,2432,71.42,13.32,0.62,1.23,0.0,12.54,22.06,3.5,81.99,11.64,white_alone
9,5,310300,9005310300,1602,62.8,11.55,0.0,0.44,0.0,23.22,19.9,12.55,75.41,11.55,white_alone
9,5,310400,9005310400,2506,83.72,2.95,0.0,3.51,0.0,9.74,7.54,4.95,78.41,16.64,white_alone
9,5,310500,9005310500,1946,82.53,0.21,0.0,1.54,0.0,14.54,11.62,2.52,77.65,19.63,white_alone
9,5,310601,9005310601,3218,89.06,2.52,0.0,1.37,0.0,1.34,3.82,3.98,80.05,15.97,white_alone
9,5,310602,9005310602,4471,93.07,0.76,0.0,0.94,0.0,4.54,11.73,3.11,77.57,16.35,white_alone
9,5,310700,9005310700,3772,91.33,4.4,0.0,1.27,0.0,3.0,3.47,2.28,64.29,33.03,white_alone
9,5,310801,9005310801,2352,78.78,1.74,0.0,0.13,0.0,12.63,14.17,8.59,80.06,11.35,white_alone
9,5,310803,9005310803,4938,81.45,0.69,0.49,6.97,0.0,10.39,15.89,2.71,81.57,15.29,white_alone
9,5,310804,9005310804,3012,78.09,1.03,0.0,0.8,0.0,17.16,9.71,2.95,79.61,12.18,white_alone
9,5,320101,9005320101,1456,80.43,5.49,0.0,0.0,0.0,14.08,23.49,9.82,60.51,29.67,white_alone
9,5,320102,9005320102,4892,91.11,0.33,0.86,0.0,0.0,6.75,20.48,4.05,74.1,21.55,white_alone
9,5,320200,9005320200,4328,89.09,0.35,0.39,6.59,0.0,1.92,3.79,1.57,66.96,31.47,white_alone
9,5,342100,9005342100,3413,91.77,0.35,0.0,1.67,0.0,2.96,6.77,0.26,86.17,13.13,white_alone
9,5,349100,9005349100,5238,86.18,0.73,0.0,1.58,0.0,10.23,3.94,3.57,80.41,16.02,white_alone
9,5,349200,9005349200,2320,91.98,0.69,0.0,4.35,0.0,2.97,6.7,1.42,71.77,26.59,white_alone
9,5,360100,9005360100,4894,83.55,2.23,0.0,0.33,0.0,11.89,9.1,5.33,80.26,14.41,white_alone
9,5,360200,9005360200,7898,91.76,0.37,0.0,3.85,0.0,2.67,3.86,5.18,73.2,21.42,white_alone
9,5,360300,9005360300,3217,74.14,2.89,0.0,0.34,0.0,19.93,5.28,2.05,87.04,10.91,white_alone
9,5,360400,9005360400,5659,89.91,0.0,0.0,0.0,0.0,9.38,3.32,0.42,70.84,27.8,white_alone
9,5,362101,9005362101,3994,87.96,1.15,0.0,3.2,0.0,6.51,5.65,2.58,78.57,18.85,white_alone
9,5,362102,9005362102,5535,92.77,0.04,1.08,0.54,0.0,5.56,4.57,1.3,66.43,32.27,white_alone
9,5,425300,9005425300,3867,84.02,1.4,0.0,0.0,0.0,9.59,4.92,1.5,73.96,24.54,white_alone
9,5,425400,9005425400,4699,88.27,0.77,0.3,0.57,0.0,5.34,8.39,2.58,78.48,17.62,white_alone
9,5,425500,9005425500,3080,88.18,0.03,0.0,0.03,0.0,2.6,3.29,4.22,77.79,17.99,white_alone
9,5,425601,9005425601,1611,91.25,0.37,0.0,0.81,0.0,1.92,8.53,2.48,76.97,20.55,white_alone
9,5,425602,9005425602,1178,94.06,3.06,0.0,1.02,0.0,0.51,14.86,5.01,78.95,16.04,white_alone
9,5,425700,9005425700,4842,83.21,2.77,0.0,2.5,0.0,10.08,2.96,6.32,78.52,15.16,white_alone
9,7,541100,9007541100,2182,56.05,22.96,0.0,7.79,0.0,9.85,21.92,5.32,82.68,12.01,white_alone
9,7,541200,9007541200,5065,67.19,13.66,0.0,6.55,0.0,11.61,11.63,2.55,77.12,20.34,white_alone
9,7,541301,9007541301,1959,64.52,5.51,0.0,23.69,0.0,5.56,8.78,0.0,90.25,9.75,white_alone
9,7,541302,9007541302,3872,50.44,24.48,0.0,13.69,0.0,10.23,9.68,6.4,87.65,4.24,white_alone
9,7,541401,9007541401,3257,87.17,2.49,0.0,2.55,0.0,6.29,4.18,3.07,74.18,22.75,white_alone
9,7,541402,9007541402,5807,70.17,13.67,0.02,4.12,0.0,8.39,10.25,6.06,77.13,14.88,white_alone
9,7,541500,9007541500,3145,61.72,11.41,0.0,13.74,0.0,10.05,18.06,4.04,78.35,12.43,white_alone
9,7,541600,9007541600,1449,66.46,13.25,0.0,1.79,0.0,15.25,42.81,3.24,82.47,14.01,white_alone
9,7,541700,9007541700,3378,55.09,24.16,0.53,2.99,0.0,13.77,27.18,2.81,66.96,27.41,white_alone
9,7,542000,9007542000,4371,75.38,5.24,0.0,2.54,0.0,9.72,7.67,3.73,77.26,17.46,white_alone
9,7,542100,9007542100,4136,59.55,13.9,0.0,3.43,0.0,18.06,14.19,2.35,84.94,12.72,white_alone
9,7,542200,9007542200,1668,83.45,2.94,0.0,2.7,0.0,2.7,6.47,1.62,79.26,19.12,white_alone
9,7,550100,9007550100,5781,87.55,1.8,1.12,5.26,0.0,1.8,7.52,3.03,76.47,20.5,white_alone
9,7,550201,9007550201,4188,93.7,0.24,0.0,2.36,0.0,2.75,3.53,0.19,85.36,14.45,white_alone
9,7,550202,9007550202,2850,94.74,1.82,0.0,0.0,0.0,2.91,4.45,2.74,78.84,15.4,white_alone
9,7,560100,9007560100,5695,97.59,0.02,0.0,0.91,0.0,1.4,4.72,2.63,79.23,18.14,white_alone
9,7,560200,9007560200,3606,84.83,1.66,0.0,0.5,0.0,8.87,10.72,4.49,78.12,15.47,white_alone
9,7,570100,9007570100,4637,58.1,10.07,0.75,5.37,0.0,18.14,2.46,1.42,80.05,16.84,white_alone
9,7,570200,9007570200,3377,85.93,5.66,0.0,2.4,0.0,2.46,3.73,1.6,86.2,12.2,white_alone
9,7,570300,9007570300,5851,82.6,4.82,0.0,3.62,0.0,8.22,12.44,1.85,72.23,22.2,white_alone
9,7,580100,9007580100,4375,95.04,0.0,0.0,1.83,0.0,2.33,8.53,1.67,81.51,16.39,white_alone
9,7,585100,9007585100,7196,92.15,0.18,0.0,1.35,0.0,2.7,4.58,2.15,80.11,17.04,white_alone
9,7,590101,9007590101,3831,89.92,0.05,0.0,4.31,0.0,3.97,5.31,4.83,76.35,16.24,white_alone
9,7,590102,9007590102,4391,88.2,2.16,0.0,6.08,0.0,2.16,1.0,1.25,86.24,12.25,white_alone
9,7,595101,9007595101,3809,93.59,0.0,0.0,0.05,0.0,2.44,5.58,1.26,81.2,16.83,white_alone
9,7,595102,9007595102,5180,96.08,0.33,0.0,0.0,0.0,3.22,2.04,3.55,74.25,20.68,white_alone
9,7,600100,9007600100,4219,92.34,1.09,0.0,1.3,0.0,5.17,5.31,4.79,74.47,17.99,white_alone
9,7,610100,9007610100,2020,92.28,0.25,0.3,2.08,0.0,5.1,9.75,6.04,75.0,18.96,white_alone
9,7,610200,9007610200,3517,89.96,0.28,0.0,0.48,0.0,8.44,4.51,5.74,72.62,20.5,white_alone
9,7,610300,9007610300,4016,90.21,0.0,0.0,0.75,0.0,6.85,6.7,3.54,77.27,19.2,white_alone
9,7,610400,9007610400,3373,87.55,0.0,0.0,0.71,0.0,10.85,3.82,3.97,82.92,12.87,white_alone
9,7,620100,9007620100,4466,90.98,2.4,0.0,0.72,0.0,4.88,2.99,8.53,72.01,19.1,white_alone
9,7,630101,9007630101,3945,89.53,0.03,0.0,3.88,0.0,3.27,4.41,2.38,75.87,20.33,white_alone
9,7,630102,9007630102,2666,96.66,0.0,0.0,1.84,0.0,0.56,5.18,0.98,70.67,28.36,white_alone
9,7,640100,9007640100,6390,93.47,0.0,0.0,2.32,0.0,1.58,4.91,4.04,75.09,20.88,white_alone
9,7,670100,9007670100,4410,89.93,0.18,0.0,2.61,0.0,4.74,2.81,2.79,73.56,21.18,white_alone
9,7,670200,9007670200,5662,94.91,1.02,0.0,1.01,0.0,2.84,5.48,2.58,73.17,24.25,white_alone
9,7,680101,9007680101,3306,85.03,0.57,0.0,1.88,0.0,12.07,2.66,1.45,75.92,20.9,white_alone
9,7,680102,9007680102,3579,87.34,0.5,0.0,0.11,0.0,7.38,3.39,6.82,71.44,21.43,white_alone
9,7,680200,9007680200,6117,70.38,17.33,0.0,1.19,0.0,8.86,7.35,1.72,70.17,21.79,white_alone
9,9,120100,9009120100,6613,78.45,1.45,0.0,1.6,0.0,16.45,6.95,1.77,76.08,20.4,white_alone
9,9,120200,9009120200,5807,54.61,11.61,0.0,1.67,0.0,26.57,18.59,8.06,73.98,16.55,white_alone
9,9,125100,9009125100,4966,80.99,1.05,0.0,2.22,0.0,14.86,5.96,3.32,76.02,20.66,white_alone
9,9,125200,9009125200,5688,52.36,19.55,0.0,1.07,0.0,27.02,13.77,4.52,81.22,14.26,white_alone
9,9,125300,9009125300,4574,59.55,10.03,0.0,1.05,0.0,20.29,19.55,7.19,75.32,17.49,white_alone
9,9,125400,9009125400,3481,52.2,18.82,0.0,1.03,0.0,24.19,22.15,3.91,78.31,17.78,white_alone
9,9,130101,9009130101,5407,85.54,0.52,0.0,0.17,0.0,11.23,5.58,3.55,70.65,23.28,white_alone
9,9,130102,9009130102,3083,84.79,4.54,0.0,0.81,0.0,8.98,2.56,7.98,74.86,17.16,white_alone
9,9,130201,9009130201,3932,86.7,0.31,0.0,5.85,0.0,6.38,5.11,1.32,86.5,12.18,white_alone
9,9,130202,9009130202,4047,81.81,1.43,0.0,2.55,0.0,13.32,3.35,1.58,82.88,15.54,white_alone
9,9,140101,9009140101,910,62.64,4.62,0.88,10.66,0.0,17.36,20.23,2.75,80.66,16.59,white_alone
9,9,140102,9009140102,2671,36.65,25.76,0.0,18.94,0.0,12.8,27.03,5.69,85.32,8.99,other
9,9,140200,9009140200,438,39.27,40.18,0.0,0.0,0.0,16.89,45.89,4.11,44.06,51.83,other
9,9,140300,9009140300,2518,19.26,24.74,0.0,1.99,0.0,50.52,37.32,14.22,75.22,8.7,hispanic
9,9,140400,9009140400,3359,14.5,25.04,0.0,3.22,0.0,51.71,25.63,22.21,72.58,5.21,hispanic
9,9,140500,9009140500,3521,14.03,30.5,0.74,0.0,0.0,53.51,26.87,5.77,86.06,8.18,hispanic
9,9,140600,9009140600,5264,13.22,34.12,0.0,0.65,0.0,47.57,39.08,12.86,73.46,8.4,other
9,9,140700,9009140700,3728,22.26,42.57,0.0,7.67,0.0,25.67,29.8,7.73,84.12,8.15,other
9,9,140800,9009140800,4012,10.27,63.71,0.0,0.55,0.0,23.68,34.76,7.68,78.14,12.64,black_alone
9,9,140900,9009140900,4822,22.54,43.22,0.0,8.54,0.0,21.9,27.1,7.38,85.38,6.86,other
9,9,141000,9009141000,4004,68.31,17.13,0.0,1.42,0.0,11.59,9.72,2.07,87.41,10.51,white_alone
9,9,141100,9009141100,2483,46.07,33.59,0.0,9.18,0.0,7.93,5.6,1.73,87.23,11.04,other
9,9,141200,9009141200,5052,15.4,47.66,4.77,1.07,0.0,28.9,20.23,10.51,76.37,13.12,other
9,9,141301,9009141301,6566,36.96,35.32,0.0,3.59,0.0,21.08,19.53,3.94,80.17,15.58,other
9,9,141400,9009141400,5211,17.19,62.5,0.0,0.0,0.0,15.89,19.66,4.84,87.01,8.16,black_alone
9,9,141500,9009141500,7643,2.72,83.07,0.0,0.03,0.0,10.35,37.29,7.98,83.17,8.84,black_alone
9,9,141600,9009141600,4670,15.7,56.79,0.21,3.4,0.0,17.75,26.78,4.99,70.45,9.74,black_alone
9,9,141800,9009141800,4604,39.83,17.14,0.0,25.22,0.0,14.97,24.39,10.79,82.21,6.89,other
9,9,141900,9009141900,5465,68.03,7.28,0.0,10.17,0.0,10.56,13.72,5.71,86.83,7.41,white_alone
9,9,142000,9009142000,3082,53.34,7.33,0.0,13.3,0.0,23.72,23.43,1.04,90.82,8.14,white_alone
9,9,142100,9009142100,1535,34.4,12.44,1.11,3.39,0.0,48.27,45.28,7.69,87.62,4.69,other
9,9,142200,9009142200,1439,69.98,10.08,0.0,4.66,0.0,13.06,14.12,3.54,87.21,7.16,white_alone
9,9,142300,9009142300,5548,10.58,19.9,0.0,0.27,0.0,65.47,35.11,13.3,77.02,9.68,hispanic
9,9,142400,9009142400,5843,9.46,23.6,0.0,3.18,0.0,63.27,33.1,12.03,82.05,5.92,hispanic
9,9,142500,9009142500,5617,30.34,14.85,0.0,0.0,0.0,53.39,28.95,8.44,77.41,11.27,hispanic
9,9,142601,9009142601,6144,16.72,34.21,0.0,4.79,0.0,42.84,12.85,8.69,82.62,8.69,other
9,9,142604,9009142604,2925,30.5,20.72,0.0,0.89,0.0,47.9,20.16,14.46,70.39,9.95,other
9,9,142605,9009142605,3870,29.2,36.1,0.41,1.32,0.0,32.48,22.61,2.87,63.54,33.59,other
9,9,142700,9009142700,7042,22.98,22.24,0.0,2.41,0.0,49.96,23.24,8.76,83.3,7.94,other
9,9,142800,9009142800,3891,76.48,4.65,0.0,4.01,0.0,12.57,7.12,5.19,75.15,19.04,white_alone
9,9,150100,9009150100,4625,82.72,2.92,0.0,5.73,0.0,6.96,5.34,2.18,81.06,16.76,white_alone
9,9,150200,9009150200,3548,75.0,6.85,0.0,11.39,0.0,5.89,4.47,2.48,81.76,12.94,white_alone
9,9,150300,9009150300,3879,67.85,4.8,0.0,8.33,0.0,14.98,4.05,2.58,79.17,18.25,white_alone
9,9,150400,9009150400,4084,75.91,6.07,0.0,8.01,0.0,4.06,5.07,2.57,76.89,20.54,white_alone
9,9,150500,9009150500,4826,84.56,5.16,0.0,5.35,0.0,3.9,3.61,2.45,81.81,15.75,white_alone
9,9,150600,9009150600,7194,78.2,3.18,0.0,11.48,0.0,5.67,5.8,4.11,76.44,19.45,white_alone
9,9,150700,9009150700,4489,86.48,2.07,0.0,5.06,0.0,6.39,1.14,1.87,80.35,17.55,white_alone
9,9,150800,9009150800,3899,80.94,1.64,0.23,12.29,0.0,2.03,4.38,1.28,81.56,14.41,white_alone
9,9,150900,9009150900,3821,91.15,1.62,0.0,0.97,0.0,3.82,4.14,2.25,85.32,12.43,white_alone
9,9,151000,9009151000,4152,88.97,1.25,0.0,2.05,0.0,7.44,2.09,0.63,79.77,16.47,white_alone
9,9,151100,9009151100,6591,87.23,0.21,0.05,3.69,0.0,6.16,4.4,5.34,75.85,18.81,white_alone
9,9,151200,9009151200,3395,85.3,1.3,0.0,4.68,0.0,4.71,3.64,6.92,75.08,18.0,white_alone
9,9,154101,9009154101,2585,25.11,22.67,0.0,11.53,0.0,40.7,18.88,5.65,83.83,10.52,other
9,9,154102,9009154102,5585,28.02,29.6,0.0,2.79,0.0,38.07,12.61,8.09,83.03,8.88,other
9,9,154200,9009154200,5959,31.62,29.65,0.0,4.13,0.0,32.79,15.89,7.75,81.66,10.59,other
9,9,154500,9009154500,4254,48.66,16.57,0.0,0.19,0.0,32.6,16.95,11.45,74.99,13.56,other
9,9,154600,9009154600,5068,40.59,13.67,0.0,6.0,0.0,32.28,17.0,12.41,75.51,11.98,other
9,9,154700,9009154700,6771,82.5,5.61,0.0,2.44,0.0,6.62,2.63,1.74,75.35,22.91,white_alone
9,9,154800,9009154800,4864,84.33,3.21,0.0,1.11,0.0,10.44,3.14,1.56,79.87,18.01,white_alone
9,9,154900,9009154900,4087,55.17,13.68,0.0,6.56,0.0,21.26,10.44,5.38,75.9,16.66,white_alone
9,9,155000,9009155000,4975,38.81,16.12,0.0,0.98,0.0,42.23,10.33,22.07,64.86,13.07,other
9,9,155100,9009155100,2926,59.23,13.88,0.79,5.3,0.0,16.71,2.77,2.46,76.93,20.61,white_alone
9,9,157100,9009157100,2478,75.1,5.89,0.0,11.74,0.0,1.13,5.04,4.8,67.39,25.42,white_alone
9,9,157200,9009157200,3895,78.33,11.86,0.0,6.29,0.0,2.59,1.1,7.37,77.95,14.69,white_alone
9,9,157300,9009157300,3290,85.41,0.52,0.0,8.57,0.0,4.22,2.07,2.43,77.02,20.55,white_alone
9,9,157400,9009157400,4265,76.08,5.02,0.0,14.65,0.0,1.43,0.49,0.94,84.78,14.28,white_alone
9,9,160100,9009160100,3284,73.08,1.37,0.0,17.36,0.0,5.02,1.52,1.19,83.1,15.71,white_alone
9,9,160200,9009160200,5495,71.99,5.2,0.0,14.18,0.0,5.44,3.08,4.44,73.72,20.16,white_alone
9,9,161100,9009161100,5492,86.02,2.26,0.0,6.06,0.0,2.79,2.72,2.64,81.26,16.1,white_alone
9,9,165100,9009165100,4088,44.94,18.86,0.98,3.77,0.0,23.85,7.25,2.89,82.56,14.02,other
9,9,165200,9009165200,2388,83.71,4.02,0.0,3.39,0.0,5.11,5.51,0.67,77.01,22.32,white_alone
9,9,165300,9009165300,2039,80.97,11.57,0.0,0.74,0.0,4.12,2.45,0.98,88.57,10.45,white_alone
9,9,165400,9009165400,4778,56.28,21.01,0.0,2.37,0.0,14.86,8.22,0.23,78.97,18.38,white_alone
9,9,165500,9009165500,4710,17.35,57.96,0.0,0.85,0.0,20.91,23.99,4.99,84.99,10.02,black_alone
9,9,165600,9009165600,5175,32.29,46.07,0.0,1.2,0.0,17.99,9.1,4.21,79.21,16.58,other
9,9,165700,9009165700,4858,29.64,41.31,0.0,0.16,0.0,18.2,11.22,3.19,84.73,12.08,other
9,9,165801,9009165801,5545,35.56,37.75,0.0,12.66,0.0,11.97,11.92,7.16,78.14,14.41,other
9,9,165802,9009165802,4383,57.52,22.09,0.0,8.62,0.0,11.04,4.68,3.74,80.26,15.99,white_alone
9,9,165900,9009165900,7973,75.1,11.3,0.0,5.12,0.0,7.14,2.51,2.97,75.34,19.54,white_alone
9,9,166002,9009166002,7860,73.66,11.55,0.09,6.72,0.0,6.21,5.27,1.42,81.87,14.64,white_alone
9,9,166003,9009166003,2401,55.85,29.24,0.0,2.42,0.0,11.08,8.46,4.08,79.84,16.08,white_alone
9,9,166004,9009166004,4542,61.62,9.97,0.0,16.97,0.0,3.17,14.64,7.42,79.15,13.32,white_alone
9,9,167101,9009167101,3730,81.74,9.12,0.0,3.73,0.0,4.83,4.56,4.5,74.26,21.23,white_alone
9,9,167102,9009167102,4529,82.53,0.55,0.0,7.84,0.0,6.4,3.73,0.18,82.47,17.35,white_alone
9,9,167201,9009167201,4343,77.96,7.71,0.0,4.77,0.0,8.01,4.19,1.45,73.98,24.57,white_alone
9,9,167202,9009167202,4377,87.21,0.43,0.0,6.79,0.0,3.95,2.19,1.05,77.54,20.95,white_alone
9,9,167301,9009167301,6686,83.94,8.03,0.0,2.5,0.0,4.11,6.8,1.42,79.64,17.14,white_alone
9,9,170100,9009170100,1330,16.84,18.2,0.0,3.38,0.0,59.02,34.57,8.12,75.94,15.56,hispanic
9,9,170200,9009170200,1295,14.13,15.29,0.0,0.0,0.0,70.58,22.86,13.36,75.83,10.81,hispanic
9,9,170300,9009170300,2056,19.26,20.14,0.19,0.19,0.0,58.66,16.83,2.82,85.85,11.33,hispanic
9,9,170400,9009170400,1907,39.07,9.54,0.0,1.73,0.0,41.22,20.11,1.42,83.9,14.32,other
9,9,170500,9009170500,5718,74.26,3.8,0.0,1.63,0.0,15.09,6.37,3.59,87.27,8.88,white_alone
9,9,170600,9009170600,2582,46.28,22.81,0.0,0.62,0.0,23.9,7.01,4.11,79.74,16.15,other
9,9,170700,9009170700,2375,44.46,2.95,0.0,0.0,0.0,51.79,17.94,4.38,87.54,8.08,hispanic
9,9,170800,9009170800,6744,44.04,8.45,0.07,0.74,0.0,44.29,5.27,5.03,80.44,11.27,other
9,9,170900,9009170900,2344,39.8,10.24,0.0,0.26,0.0,47.95,28.75,2.69,70.09,27.22,other
9,9,171000,9009171000,1651,33.56,17.57,0.0,0.97,0.0,42.94,29.74,5.15,72.99,21.87,other
9,9,171100,9009171100,5753,65.13,4.61,0.17,5.89,0.0,23.14,6.85,5.74,79.11,15.16,white_alone
9,9,171201,9009171201,5105,73.48,5.23,2.39,4.7,0.0,11.64,4.21,1.35,77.22,19.12,white_alone
9,9,171202,9009171202,3239,76.94,1.54,0.0,5.0,0.0,12.94,5.84,0.68,73.91,19.98,white_alone
9,9,171300,9009171300,3767,73.77,7.11,0.0,0.0,0.0,17.73,4.79,2.02,87.6,10.14,white_alone
9,9,171400,9009171400,1827,38.53,2.52,0.0,0.49,0.0,55.94,27.95,5.97,82.92,10.67,hispanic
9,9,171500,9009171500,3229,18.74,11.18,0.0,1.08,0.0,65.96,14.21,17.47,76.25,6.29,hispanic
9,9,171600,9009171600,4968,48.45,11.13,0.38,2.62,0.0,37.42,8.21,5.43,80.23,13.14,other
9,9,171700,9009171700,3622,78.24,1.49,0.0,2.02,0.0,17.56,2.74,1.46,74.05,22.23,white_alone
9,9,175100,9009175100,3184,70.67,2.26,0.0,2.36,0.0,19.25,9.16,5.78,78.61,15.3,white_alone
9,9,175200,9009175200,2687,68.22,3.16,0.0,9.08,0.0,19.5,19.24,7.18,81.91,10.9,white_alone
9,9,175300,9009175300,4108,71.74,1.24,0.0,4.82,0.0,20.52,10.59,2.68,81.11,16.21,white_alone
9,9,175400,9009175400,5175,53.97,0.6,0.0,9.72,0.93,34.43,4.89,13.95,76.29,9.76,white_alone
9,9,175501,9009175501,1717,85.56,0.0,0.0,7.11,0.0,0.0,0.99,14.5,60.92,24.58,white_alone
9,9,175502,9009175502,5483,94.58,1.88,0.0,2.46,0.0,0.75,6.29,3.08,65.71,22.49,white_alone
9,9,175600,9009175600,5304,81.66,1.36,0.21,5.79,0.0,9.5,2.79,2.73,83.63,13.63,white_alone
9,9,175700,9009175700,1998,88.94,0.0,0.0,3.0,0.0,7.76,10.96,1.3,90.24,8.46,white_alone
9,9,175800,9009175800,4101,77.47,1.39,0.0,13.61,0.0,6.41,2.02,4.56,87.1,8.34,white_alone
9,9,175900,9009175900,4975,95.62,0.38,0.0,0.4,0.0,2.25,5.96,2.33,64.04,28.1,white_alone
9,9,176000,9009176000,5696,94.31,0.0,0.0,3.09,0.0,2.26,3.83,1.46,77.83,20.49,white_alone
9,9,180101,9009180101,2134,94.8,0.0,0.0,1.12,0.0,4.08,14.67,8.01,72.21,19.78,white_alone
9,9,180102,9009180102,4867,66.84,10.01,0.0,2.65,0.0,15.8,9.36,2.84,80.81,14.22,white_alone
9,9,180200,9009180200,5543,62.78,1.79,0.0,6.62,0.0,28.38,8.82,11.89,76.58,11.53,white_alone
9,9,180300,9009180300,2387,67.62,1.97,0.0,0.96,0.71,24.47,8.4,9.51,71.09,18.52,white_alone
9,9,180400,9009180400,2600,59.12,3.81,0.0,10.69,0.0,26.38,3.1,6.62,75.15,13.69,white_alone
9,9,180500,9009180500,4558,54.61,7.94,0.0,5.42,0.0,28.19,9.65,4.89,81.37,13.73,white_alone
9,9,180601,9009180601,3299,90.42,1.09,0.0,0.0,0.0,8.49,6.08,4.12,78.42,17.46,white_alone
9,9,180602,9009180602,3257,91.89,3.04,0.0,0.21,0.0,3.9,11.1,3.93,76.36,19.59,white_alone
9,9,184101,9009184101,4925,84.87,6.94,0.0,4.71,0.0,3.11,9.12,5.44,73.64,20.91,white_alone
9,9,184200,9009184200,3993,71.65,3.91,0.0,8.19,0.0,14.65,9.19,3.43,77.69,18.88,white_alone
9,9,184300,9009184300,4508,91.84,0.22,0.0,2.46,0.0,4.5,3.91,5.81,68.21,21.83,white_alone
9,9,184400,9009184400,3264,90.87,0.0,0.37,1.38,0.0,6.53,4.17,0.0,75.7,24.3,white_alone
9,9,184500,9009184500,2544,93.87,1.3,0.0,1.1,0.0,2.08,1.57,1.73,80.31,17.96,white_alone
9,9,184600,9009184600,2770,97.08,0.0,0.0,0.0,0.0,0.0,1.3,1.62,72.92,25.45,white_alone
9,9,184700,9009184700,5920,82.2,2.3,0.0,4.53,0.0,8.02,4.15,1.11,77.91,20.98,white_alone
9,9,186100,9009186100,7016,91.62,0.29,0.0,2.22,0.0,2.88,2.02,2.01,79.6,17.8,white_alone
9,9,186200,9009186200,7131,95.22,0.31,0.0,1.29,0.0,2.08,2.73,2.75,79.55,17.7,white_alone
9,9,190100,9009190100,3333,85.48,1.2,0.0,4.11,0.0,8.4,4.64,2.37,74.83,20.43,white_alone
9,9,190200,9009190200,3478,89.68,0.03,0.0,6.3,0.0,2.76,1.18,2.44,80.51,17.05,white_alone
9,9,190301,9009190301,6804,86.67,0.16,0.0,4.23,0.0,7.23,2.5,1.37,84.66,13.98,white_alone
9,9,190302,9009190302,5369,88.62,3.69,0.0,2.81,0.0,2.74,2.74,2.07,77.61,18.9,white_alone
9,9,190303,9009190303,3180,88.4,1.13,0.0,3.08,0.0,4.09,4.47,0.22,80.94,17.67,white_alone
9,9,194101,9009194101,2010,97.91,1.09,0.0,0.0,0.0,1.0,5.57,0.0,78.66,21.34,white_alone
9,9,194102,9009194102,2893,98.82,0.03,0.0,0.0,0.0,1.14,4.17,0.03,68.2,30.42,white_alone
9,9,194201,9009194201,7165,90.09,0.17,0.0,2.25,0.0,4.54,0.78,2.07,77.39,18.67,white_alone
9,9,194202,9009194202,5997,86.51,0.4,0.0,4.27,0.0,2.62,2.95,1.7,85.83,12.26,white_alone
9,9,341100,9009341100,6185,92.38,0.71,0.0,0.31,0.0,5.84,4.12,2.94,74.91,21.89,white_alone
9,9,343101,9009343101,5667,60.42,15.74,0.71,7.36,0.0,13.15,2.45,2.66,50.31,8.42,white_alone
9,9,343102,9009343102,4265,87.29,0.82,0.0,4.99,0.0,3.19,3.73,1.38,76.6,19.06,white_alone
9,9,343200,9009343200,5517,84.32,0.15,0.0,5.75,0.0,2.43,0.53,3.32,82.31,14.37,white_alone
9,9,343300,9009343300,6953,91.86,0.32,0.0,2.3,0.0,3.41,5.55,2.32,77.36,19.3,white_alone
9,9,343400,9009343400,6615,72.0,2.18,0.0,12.85,0.0,4.05,0.68,0.21,80.21,19.58,white_alone
9,9,344100,9009344100,4887,87.46,0.63,0.0,1.33,0.0,6.83,3.91,1.02,75.28,23.1,white_alone
9,9,344200,9009344200,2884,84.88,0.0,0.0,12.27,0.0,1.94,1.49,1.28,78.22,20.49,white_alone
9,9,345100,9009345100,7807,70.6,13.07,0.18,1.81,0.0,9.39,8.49,6.44,79.3,14.26,white_alone
9,9,345201,9009345201,6877,79.09,2.89,0.0,4.0,0.0,11.75,6.5,4.09,72.05,20.24,white_alone
9,9,345202,9009345202,4412,69.4,13.96,0.0,1.52,0.0,14.66,1.64,3.92,82.25,13.83,white_alone
9,9,345300,9009345300,6037,65.58,7.67,0.0,2.2,0.0,20.31,4.7,5.98,80.47,13.55,white_alone
9,9,345400,9009345400,6068,74.85,5.54,0.0,2.08,0.0,8.65,9.74,3.58,69.76,26.66,white_alone
9,9,346101,9009346101,6946,93.45,0.0,0.0,3.38,0.0,2.52,2.0,1.25,80.84,17.91,white_alone
9,9,346102,9009346102,6195,84.39,2.71,0.0,0.0,0.0,11.43,1.99,1.19,80.74,18.06,white_alone
9,9,347100,9009347100,5926,85.02,5.13,0.0,0.29,0.0,3.88,1.45,1.72,77.84,18.34,white_alone
9,9,347200,9009347200,3784,87.63,5.68,0.0,0.61,0.0,3.88,0.85,2.48,79.84,17.68,white_alone
9,9,348111,9009348111,2581,89.42,0.74,0.19,0.97,0.0,7.94,11.53,1.82,74.2,22.12,white_alone
9,9,348122,9009348122,3956,93.43,0.43,0.0,0.76,0.0,2.65,5.61,1.85,84.53,13.62,white_alone
9,9,348123,9009348123,6105,84.88,0.02,0.0,2.87,0.0,7.55,1.36,1.0,87.78,11.22,white_alone
9,9,348124,9009348124,2417,94.62,0.0,1.41,2.73,0.0,0.29,8.44,0.46,41.5,51.72,white_alone
9,9,348125,9009348125,4560,80.79,10.5,0.0,5.72,0.0,2.98,3.22,0.35,53.97,45.22,white_alone
9,9,350101,9009350101,3730,28.85,15.17,0.0,2.55,0.0,49.2,60.5,7.56,59.12,24.42,other
9,9,350200,9009350200,3025,11.14,41.95,0.0,0.0,0.0,44.86,36.63,14.45,68.93,16.53,other
9,9,350300,9009350300,1777,7.03,31.91,0.0,0.0,0.0,59.37,28.98,5.51,86.94,7.54,hispanic
9,9,350400,9009350400,2226,20.58,32.57,0.0,0.0,0.0,44.88,47.68,13.07,79.25,6.29,other
9,9,350500,9009350500,2334,10.63,13.58,0.0,0.73,0.0,70.61,41.52,17.18,69.71,13.11,hispanic
9,9,350800,9009350800,5455,31.9,33.05,0.15,0.15,0.0,31.02,27.68,6.1,80.9,10.93,other
9,9,350900,9009350900,2173,31.8,18.45,0.0,0.18,0.0,46.53,13.82,2.95,86.7,10.03,other
9,9,351000,9009351000,4455,22.85,14.79,0.0,0.22,0.0,57.69,17.89,7.88,77.82,14.3,hispanic
9,9,351100,9009351100,3737,18.28,26.17,0.16,0.45,0.0,47.36,13.74,8.59,79.74,11.67,other
9,9,351200,9009351200,3645,26.34,27.24,0.0,0.0,0.0,43.73,24.21,8.4,69.14,20.27,other
9,9,351300,9009351300,5351,34.87,12.54,0.0,1.64,0.0,40.89,14.23,10.9,73.44,15.66,other
9,9,351400,9009351400,4227,22.81,19.28,0.0,3.88,0.0,50.34,21.75,14.08,76.01,9.91,hispanic
9,9,351500,9009351500,4606,51.82,12.81,0.0,6.08,0.0,25.53,16.99,10.79,77.72,11.49,white_alone
9,9,351601,9009351601,3200,42.16,6.34,0.0,0.16,0.0,51.34,16.63,2.78,89.03,8.19,hispanic
9,9,351602,9009351602,6904,75.32,8.69,0.0,0.71,0.0,14.7,12.57,4.06,84.27,11.67,white_alone
9,9,351700,9009351700,3258,25.97,31.77,0.0,0.52,0.0,36.59,30.03,6.72,84.01,9.27,other
9,9,351800,9009351800,3509,60.56,11.14,0.0,1.11,0.0,23.14,9.6,12.91,68.05,17.58,white_alone
9,9,351900,9009351900,2733,69.34,4.02,0.0,2.52,0.0,22.65,9.7,7.94,77.46,14.6,white_alone
9,9,352000,9009352000,4613,64.36,9.26,0.0,0.28,0.0,24.67,7.56,2.73,82.7,14.39,white_alone
9,9,352100,9009352100,4534,37.05,31.54,0.0,0.42,0.0,29.38,23.46,4.72,79.31,14.95,other
9,9,352200,9009352200,2624,34.6,11.17,0.0,0.0,0.72,49.7,31.87,2.55,85.9,11.55,other
9,9,352300,9009352300,2772,26.05,32.07,0.0,0.0,0.0,39.18,28.28,5.74,76.55,17.71,other
9,9,352400,9009352400,3963,34.01,14.84,0.0,2.07,0.0,47.77,22.72,6.11,82.39,9.13,other
9,9,352500,9009352500,3336,46.76,21.43,0.0,2.79,0.0,23.59,12.2,2.79,82.31,14.9,other
9,9,352600,9009352600,5409,47.38,12.05,0.0,3.53,0.0,31.43,17.94,6.17,80.59,13.24,other
9,9,352701,9009352701,3139,45.36,11.82,0.0,2.52,0.0,36.83,11.54,13.48,61.17,23.06,other
9,9,352702,9009352702,5103,46.15,29.36,0.0,1.18,0.0,21.93,6.36,7.47,62.86,27.63,other
9,9,352800,9009352800,6003,41.38,13.48,0.0,7.11,0.0,28.32,28.35,4.1,81.96,12.94,other
9,9,361100,9009361100,6710,87.85,2.06,0.04,0.75,0.0,7.96,6.0,1.97,80.18,17.78,white_alone
9,9,361200,9009361200,5756,83.25,1.55,0.0,2.64,0.0,9.94,2.17,1.77,73.82,24.32,white_alone
9,9,361300,9009361300,4145,91.99,0.0,0.0,2.41,0.0,5.31,2.11,0.65,81.98,14.45,white_alone
9,9,361401,9009361401,3681,54.63,10.3,0.05,20.59,0.27,9.94,40.18,2.66,85.55,11.41,white_alone
9,9,361402,9009361402,2823,53.88,8.78,0.0,19.7,0.0,13.21,19.3,3.08,84.48,12.43,white_alone
9,9,361500,9009361500,7592,33.25,24.2,0.3,5.53,0.0,27.53,14.43,11.71,74.82,11.21,other
9,11,650100,9011650100,2425,93.61,2.6,0.0,0.12,0.0,0.87,1.07,5.44,78.47,15.88,white_alone
9,11,660101,9011660101,3330,93.6,0.0,0.0,2.16,0.18,4.05,0.94,1.14,77.69,21.17,white_alone
9,11,660103,9011660103,2551,95.45,0.0,0.35,1.29,0.0,1.06,4.74,0.39,79.3,20.31,white_alone
9,11,660104,9011660104,1490,86.38,0.0,0.0,1.34,0.0,10.67,8.05,11.01,71.54,17.45,white_alone
9,11,690300,9011690300,6527,27.96,16.45,0.0,3.63,0.0,48.23,27.34,13.38,74.93,9.84,other
9,11,690400,9011690400,2069,26.87,20.49,0.0,0.0,0.0,52.1,29.48,13.15,75.5,11.36,hispanic
9,11,690500,9011690500,2451,40.07,11.22,0.49,0.57,0.53,35.29,33.61,4.65,69.89,23.87,other
9,11,690700,9011690700,1303,39.75,19.8,0.0,0.0,0.0,31.39,2.41,7.29,79.74,10.05,other
9,11,690800,9011690800,3490,56.76,4.87,0.0,6.99,0.0,29.68,21.61,13.52,62.72,15.7,white_alone
9,11,690900,9011690900,5184,65.97,11.36,0.0,0.46,0.0,15.47,16.98,3.03,75.08,20.16,white_alone
9,11,693300,9011693300,5431,84.39,1.69,0.0,2.08,0.0,8.53,3.4,1.68,76.91,15.93,white_alone
9,11,693400,9011693400,3898,81.81,4.18,0.0,6.29,0.0,5.59,11.65,2.18,71.45,23.5,white_alone
9,11,693500,9011693500,3450,91.71,3.91,0.0,0.09,0.0,1.74,9.23,1.71,78.17,18.93,white_alone
9,11,693600,9011693600,2910,83.2,4.12,0.0,1.44,0.0,6.22,7.42,4.33,75.15,19.93,white_alone
9,11,693700,9011693700,3222,82.84,2.42,2.86,3.6,0.0,3.54,2.51,3.38,75.48,17.13,white_alone
9,11,695201,9011695201,5306,80.61,5.77,0.34,2.77,0.0,8.09,6.37,3.77,75.01,18.22,white_alone
9,11,695202,9011695202,5669,88.52,5.61,0.0,1.62,0.0,3.35,4.4,2.77,77.39,18.96,white_alone
9,11,696100,9011696100,4652,70.14,8.23,0.75,4.39,0.26,12.42,7.29,4.9,62.64,31.23,white_alone
9,11,696200,9011696200,4797,76.63,0.88,0.17,10.65,0.0,7.42,5.55,6.61,69.84,23.56,white_alone
9,11,696300,9011696300,3034,83.78,2.34,0.0,4.71,0.0,5.17,3.84,1.68,70.83,23.2,white_alone
9,11,696401,9011696401,5485,40.89,21.84,0.47,0.82,0.0,29.19,15.44,6.95,78.54,14.51,other
9,11,696500,9011696500,2959,66.48,11.63,1.15,0.81,0.0,15.48,13.98,4.43,80.57,12.81,white_alone
9,11,696600,9011696600,4071,69.69,2.51,0.0,12.97,0.0,9.53,3.05,4.3,81.01,14.2,white_alone
9,11,696701,9011696701,5369,54.11,8.57,0.0,11.75,0.0,21.21,11.88,5.48,77.22,17.3,white_alone
9,11,696800,9011696800,3465,38.33,22.74,1.39,7.36,0.0,27.99,15.66,9.67,75.44,14.37,other
9,11,697000,9011697000,5280,60.45,10.23,3.18,9.26,0.0,9.73,13.87,7.63,76.0,13.75,white_alone
9,11,700100,9011700100,4644,87.04,0.0,0.13,4.01,0.0,1.94,5.51,2.45,80.04,16.93,white_alone
9,11,701100,9011701100,7929,75.17,1.12,4.06,6.56,0.0,7.09,2.32,3.35,71.53,23.69,white_alone
9,11,701200,9011701200,6801,84.75,2.81,0.0,1.63,0.0,4.76,9.16,2.66,65.33,24.76,white_alone
9,11,702100,9011702100,4109,75.52,7.64,0.0,5.94,0.0,4.21,5.93,2.26,74.13,23.31,white_alone
9,11,702300,9011702300,2424,80.82,0.78,0.21,5.82,0.0,7.67,5.75,4.83,61.22,17.29,white_alone
9,11,702400,9011702400,3374,58.36,2.02,0.3,12.57,0.0,19.8,6.19,7.44,77.21,13.57,white_alone
9,11,702500,9011702500,4380,45.98,16.12,0.0,4.68,0.0,26.64,21.8,3.24,77.74,14.52,other
9,11,702600,9011702600,1059,87.25,2.17,0.0,3.21,0.0,5.19,1.04,5.0,68.18,26.82,white_alone
9,11,702700,9011702700,4984,62.26,5.66,0.68,14.11,0.0,9.53,11.13,6.0,69.44,18.76,white_alone
9,11,702800,9011702800,4028,54.87,9.61,0.0,6.41,0.0,17.68,15.6,4.72,77.41,17.15,white_alone
9,11,702900,9011702900,2117,93.58,0.09,1.13,0.0,0.0,2.36,3.41,1.23,69.44,29.1,white_alone
9,11,703000,9011703000,3551,91.16,0.84,0.96,0.59,0.0,2.68,3.42,1.97,66.21,28.67,white_alone
9,11,705101,9011705101,4286,84.58,2.89,0.0,0.82,0.0,5.86,1.68,1.33,80.0,18.67,white_alone
9,11,705102,9011705102,3769,84.29,2.41,0.66,1.64,0.0,4.35,8.65,1.09,81.56,16.53,white_alone
9,11,705200,9011705200,3679,95.24,0.27,0.0,2.28,0.0,1.93,4.54,3.7,66.57,28.68,white_alone
9,11,705300,9011705300,3898,78.12,1.74,0.0,3.16,0.0,3.36,5.0,3.59,62.34,26.71,white_alone
9,11,705400,9011705400,2907,91.85,2.2,0.0,0.52,0.0,3.99,2.41,3.13,70.42,24.15,white_alone
9,11,707100,9011707100,5239,85.65,0.55,0.82,2.69,0.0,7.18,6.59,7.56,70.3,22.05,white_alone
9,11,708100,9011708100,2530,90.71,0.0,0.28,0.0,0.2,3.6,4.15,2.49,82.41,14.9,white_alone
9,11,709100,9011709100,6024,89.64,0.53,1.81,0.2,0.0,5.0,2.5,2.92,70.58,26.44,white_alone
9,11,709200,9011709200,5603,83.31,0.0,1.18,3.02,0.0,2.84,10.8,1.82,81.76,16.42,white_alone
9,11,710100,9011710100,4246,92.44,0.31,1.95,1.04,0.0,1.15,4.34,2.52,80.08,17.4,white_alone
9,11,711100,9011711100,2887,82.85,3.12,1.35,1.35,0.24,7.41,13.06,4.05,72.95,23.0,white_alone
9,11,712100,9011712100,1837,80.29,2.18,0.0,0.33,0.0,8.6,3.68,2.5,79.31,17.64,white_alone
9,11,713100,9011713100,2614,91.12,3.06,0.0,0.57,0.0,2.07,4.9,2.26,77.08,20.66,white_alone
9,11,714101,9011714101,3907,87.02,2.53,0.0,0.18,0.0,9.91,7.48,0.59,78.7,15.54,white_alone
9,11,714103,9011714103,6563,87.6,2.16,0.0,5.56,0.0,2.48,7.34,0.12,85.3,14.58,white_alone
9,11,714104,9011714104,5415,91.43,1.4,0.0,0.39,0.0,5.6,4.86,1.26,77.36,19.65,white_alone
9,11,715100,9011715100,4096,88.89,2.88,0.0,0.95,0.0,6.62,4.91,5.3,75.59,13.75,white_alone
9,11,716101,9011716101,5913,62.32,8.64,0.0,9.03,0.0,15.27,5.95,0.9,57.2,14.22,white_alone
9,11,716102,9011716102,5168,83.8,1.41,0.0,10.57,0.0,3.06,6.54,5.21,78.62,16.18,white_alone
9,11,870100,9011870100,7175,92.47,0.0,0.0,1.16,0.0,5.52,4.32,4.35,76.95,18.63,white_alone
9,11,870200,9011870200,5957,64.7,7.54,0.45,1.65,0.0,21.99,5.5,0.82,68.12,14.02,white_alone
9,11,870300,9011870300,5977,53.51,10.91,0.0,2.01,0.0,28.61,27.68,4.17,65.2,12.93,white_alone
9,11,870501,9011870501,4351,65.55,2.16,2.02,12.11,0.0,11.61,8.21,4.44,70.4,21.35,white_alone
9,11,870502,9011870502,3421,59.95,14.76,0.0,0.99,0.0,17.57,6.79,4.88,42.5,15.61,white_alone
9,11,870701,9011870701,2029,80.83,0.44,0.0,10.79,0.0,6.16,4.07,3.45,71.96,23.71,white_alone
9,11,870703,9011870703,1570,84.39,1.4,0.0,4.52,0.0,1.53,5.11,1.08,74.84,24.08,white_alone
9,11,870704,9011870704,3938,91.77,1.35,0.0,0.99,0.0,1.02,3.06,2.23,72.22,23.39,white_alone
9,11,980000,9011980000,2651,63.56,9.2,1.13,2.83,0.0,17.96,,0.0,0.0,0.0,white_alone
9,13,526101,9013526101,4142,93.75,0.0,0.0,2.27,0.0,2.29,2.51,1.79,80.03,18.18,white_alone
9,13,526102,9013526102,5364,91.65,0.09,0.0,0.58,0.0,6.17,5.1,1.6,81.43,16.18,white_alone
9,13,528100,9013528100,3178,90.15,3.34,0.0,1.42,0.0,1.92,2.52,2.93,78.23,18.85,white_alone
9,13,529100,9013529100,4902,87.98,0.84,0.0,2.75,0.0,6.51,4.6,2.84,79.56,17.58,white_alone
9,13,530100,9013530100,2242,80.02,1.74,0.0,7.45,0.0,6.42,4.12,8.07,73.73,12.67,white_alone
9,13,530200,9013530200,6812,65.68,12.48,0.0,0.32,0.0,17.84,20.84,5.67,72.25,21.76,white_alone
9,13,530301,9013530301,4507,74.35,10.14,0.4,1.6,0.0,9.72,13.36,5.99,78.74,15.27,white_alone
9,13,530302,9013530302,6019,71.36,2.18,0.18,16.27,0.0,8.64,6.26,6.21,74.55,17.2,white_alone
9,13,530400,9013530400,3878,66.89,7.58,0.05,8.28,0.0,10.47,5.18,6.32,78.47,15.21,white_alone
9,13,530500,9013530500,3300,82.55,6.39,0.0,1.18,0.0,4.24,3.06,0.85,77.39,21.76,white_alone
9,13,530600,9013530600,2542,93.23,0.0,0.0,1.93,0.0,2.71,1.06,2.4,80.68,16.6,white_alone
9,13,533102,9013533102,5557,87.49,0.47,0.0,2.79,0.0,5.99,2.39,3.69,86.52,9.52,white_alone
9,13,533103,9013533103,4249,92.28,1.69,0.0,0.59,0.0,2.85,8.1,0.0,77.17,18.78,white_alone
9,13,533104,9013533104,4879,90.53,0.37,0.0,5.25,0.0,1.29,4.06,0.47,81.96,17.57,white_alone
9,13,535101,9013535101,5829,85.06,5.51,0.0,5.97,0.0,0.12,2.08,1.39,78.45,20.16,white_alone
9,13,535102,9013535102,3748,84.55,0.08,0.0,0.0,0.0,7.39,10.46,0.64,87.73,11.63,white_alone
9,13,535200,9013535200,6771,81.36,1.14,0.0,5.35,0.0,9.48,2.7,1.55,84.4,13.88,white_alone
9,13,538100,9013538100,1585,34.38,37.29,0.0,0.5,0.0,25.3,,0.0,0.0,0.0,other
9,13,538201,9013538201,4914,91.07,0.0,0.0,1.99,0.0,5.74,1.51,1.26,79.87,18.72,white_alone
9,13,538202,9013538202,4354,91.41,0.0,0.0,0.0,0.0,2.09,2.46,1.65,84.04,14.06,white_alone
9,13,840100,9013840100,5876,77.86,1.46,0.0,7.22,0.0,6.11,13.87,0.75,83.44,15.81,white_alone
9,13,850100,9013850100,5941,92.34,0.07,0.0,1.28,0.0,0.67,4.89,1.31,86.25,12.04,white_alone
9,13,850200,9013850200,6493,91.08,0.8,0.0,4.31,0.0,3.37,5.28,0.99,81.47,17.22,white_alone
9,13,860100,9013860100,5402,93.11,0.06,0.0,0.3,0.0,4.44,2.43,4.91,67.14,27.6,white_alone
9,13,881100,9013881100,5154,85.29,1.22,0.19,4.58,0.0,7.02,26.39,1.84,82.75,15.41,white_alone
9,13,881200,9013881200,9932,77.89,4.06,0.0,13.22,0.0,4.04,57.6,1.93,95.94,2.12,white_alone
9,13,881300,9013881300,5053,74.69,3.21,0.06,17.89,0.0,3.11,36.99,1.21,88.94,9.68,white_alone
9,13,881500,9013881500,5543,76.94,4.22,0.05,9.42,0.0,7.36,18.94,2.65,81.94,13.39,white_alone
9,13,890100,9013890100,3807,94.38,0.11,0.0,0.0,0.0,4.7,6.09,4.65,78.07,17.28,white_alone
9,13,890202,9013890202,5045,92.78,0.2,0.0,1.33,0.0,2.68,3.62,4.08,78.0,14.93,white_alone
9,13,890203,9013890203,903,95.13,0.0,0.11,1.88,0.55,0.89,3.99,3.21,72.31,24.25,white_alone
9,13,890204,9013890204,3026,86.12,0.3,0.53,1.22,0.0,6.81,5.7,4.26,81.16,13.85,white_alone
9,15,800300,9015800300,7332,44.76,10.16,0.18,1.84,0.0,40.21,42.27,4.35,81.59,12.25,other
9,15,800400,9015800400,3739,59.29,3.08,0.19,0.0,0.0,34.58,19.02,7.94,74.7,17.36,white_alone
9,15,800501,9015800501,3945,52.14,1.04,0.0,0.0,0.0,46.82,18.53,0.76,79.04,14.3,white_alone
9,15,800502,9015800502,2425,79.46,1.24,0.0,0.87,0.0,17.2,3.06,7.92,70.68,21.24,white_alone
9,15,800600,9015800600,3822,24.25,6.72,0.0,0.0,0.0,68.16,35.11,15.88,70.88,12.95,hispanic
9,15,800700,9015800700,3355,59.34,0.0,0.0,6.65,0.0,33.08,22.8,3.34,81.4,15.02,white_alone
9,15,815000,9015815000,2514,87.31,0.0,0.0,0.4,0.0,7.08,5.57,2.9,80.15,16.95,white_alone
9,15,820000,9015820000,1803,95.9,0.11,0.72,0.0,0.0,1.89,5.89,2.16,76.93,20.58,white_alone
9,15,825000,9015825000,1603,76.11,0.0,0.0,0.12,0.0,6.61,2.12,2.99,82.28,14.72,white_alone
9,15,830100,9015830100,4233,92.11,0.02,0.0,0.38,0.0,5.43,6.87,5.08,81.86,12.69,white_alone
9,15,900100,9015900100,4722,90.47,0.0,0.25,1.1,0.0,6.35,8.7,2.75,81.36,15.63,white_alone
9,15,900200,9015900200,4639,95.65,0.02,0.0,0.0,0.0,2.13,5.71,2.05,73.38,24.32,white_alone
9,15,901101,9015901101,3006,88.29,0.0,0.0,0.0,0.0,11.71,1.36,3.09,72.49,24.42,white_alone
9,15,901102,9015901102,4838,97.4,0.0,0.0,0.5,0.0,0.93,5.87,2.36,82.47,15.17,white_alone
9,15,902200,9015902200,1647,92.9,0.36,0.0,0.3,0.0,4.01,4.68,5.16,80.94,13.9,white_alone
9,15,902500,9015902500,4178,93.13,0.96,0.0,0.62,0.36,3.14,8.5,4.24,78.99,16.32,white_alone
9,15,903101,9015903101,3307,88.99,1.0,0.0,0.0,0.0,8.56,6.65,4.6,75.02,19.69,white_alone
9,15,903102,9015903102,3633,92.02,0.94,0.0,1.32,0.0,2.37,6.97,5.84,75.89,18.28,white_alone
9,15,903200,9015903200,2427,84.55,1.73,0.0,1.61,0.0,2.14,5.27,1.4,59.66,33.75,white_alone
9,15,904101,9015904101,4769,98.78,0.69,0.0,0.0,0.0,0.0,2.24,1.64,79.16,16.94,white_alone
9,15,904102,9015904102,2189,95.66,0.0,0.0,0.0,0.0,0.0,10.42,5.07,68.57,26.36,white_alone
9,15,904400,9015904400,4602,84.98,1.22,0.37,1.8,0.0,8.58,21.27,4.69,76.53,18.77,white_alone
9,15,904500,9015904500,5707,80.6,1.91,0.0,2.31,0.0,8.69,20.57,3.91,74.66,18.19,white_alone
9,15,905101,9015905101,4253,87.73,0.63,0.0,6.0,0.0,4.35,6.76,1.13,85.02,13.85,white_alone
9,15,905102,9015905102,4001,89.75,2.82,0.0,1.17,0.0,5.02,8.55,2.25,67.58,15.2,white_alone
9,15,906100,9015906100,5080,93.39,1.5,0.0,0.89,0.0,2.87,3.56,3.41,75.94,20.65,white_alone
9,15,907100,9015907100,4664,87.61,1.89,1.07,1.39,0.0,5.55,9.97,3.32,81.15,14.88,white_alone
9,15,907200,9015907200,5095,92.07,0.08,0.0,4.59,0.0,2.49,13.05,4.24,78.02,17.74,white_alone
9,15,907300,9015907300,5370,87.77,6.0,0.0,1.82,0.0,2.03,4.99,2.5,69.65,24.95,white_alone
9,15,908100,9015908100,3759,90.72,3.33,0.77,0.51,0.0,2.82,10.67,2.31,80.39,16.97,white_alone
